Kompilacja rozpoczęła się 1.03.2026 07:13:18.
Środowisko przy rozpoczęciu kompilacji:
MSBuildLoadMicrosoftTargetsReadOnly = true

Szczegółowość rejestrowania została ustawiona na: Diagnostic.07:13:18.145     1>Projekt „C:\Users\kazac\OneDrive\Pulpit\C++-folder\Aplikacja-Bankowa\Rejestracja Bankowa\Rejestracja Bankowa\Rejestracja Bankowa.vcxproj” w węźle 2 (elementy docelowe: Rebuild).
07:13:18.145     1>Element docelowy „_CheckForInvalidConfigurationAndPlatform: (identyfikator elementu docelowego: 2)” w pliku „C:\Program Files\Microsoft Visual Studio\18\Insiders\MSBuild\Current\Bin\amd64\Microsoft.Common.CurrentVersion.targets” z projektu „C:\Users\kazac\OneDrive\Pulpit\C++-folder\Aplikacja-Bankowa\Rejestracja Bankowa\Rejestracja Bankowa\Rejestracja Bankowa.vcxproj” (zależy od niego element docelowy „SetTelemetryEnvironmentVariables”):
07:13:18.147     1>Zadanie „Message”: (identyfikator zadania: 2)
                   Wykonywanie zadania „Message” zakończone.: (identyfikator zadania: 2)
                   Zadanie „Message”: (identyfikator zadania: 3)
                   Wykonywanie zadania „Message” zakończone.: (identyfikator zadania: 3)
07:13:18.147     1>Wykonano kompilowanie elementu docelowego „_CheckForInvalidConfigurationAndPlatform” w projekcie „Rejestracja Bankowa.vcxproj”.: (identyfikator elementu docelowego: 2)
07:13:18.147     1>Element docelowy „SetTelemetryEnvironmentVariables: (identyfikator elementu docelowego: 3)” w pliku „C:\Program Files\Microsoft Visual Studio\18\Insiders\MSBuild\Microsoft\VC\v180\Microsoft.Cpp.DesignTime.targets” z projektu „C:\Users\kazac\OneDrive\Pulpit\C++-folder\Aplikacja-Bankowa\Rejestracja Bankowa\Rejestracja Bankowa\Rejestracja Bankowa.vcxproj” (zależy od niego element docelowy „Rebuild”):
                   Zadanie „SetEnv”: (identyfikator zadania: 4)
                   Wykonywanie zadania „SetEnv” zakończone.: (identyfikator zadania: 4)
                   Zadanie „SetEnv”: (identyfikator zadania: 5)
                   Wykonywanie zadania „SetEnv” zakończone.: (identyfikator zadania: 5)
                   Zadanie „SetEnv”: (identyfikator zadania: 6)
                   Wykonywanie zadania „SetEnv” zakończone.: (identyfikator zadania: 6)
                   Zadanie „SetEnv”: (identyfikator zadania: 7)
                   Wykonywanie zadania „SetEnv” zakończone.: (identyfikator zadania: 7)
                   Zadanie „SetEnv”: (identyfikator zadania: 8)
                   Wykonywanie zadania „SetEnv” zakończone.: (identyfikator zadania: 8)
07:13:18.150     1>Wykonano kompilowanie elementu docelowego „SetTelemetryEnvironmentVariables” w projekcie „Rejestracja Bankowa.vcxproj”.: (identyfikator elementu docelowego: 3)
07:13:18.150     1>Element docelowy „_PrepareForRebuild: (identyfikator elementu docelowego: 4)” w pliku „C:\Program Files\Microsoft Visual Studio\18\Insiders\MSBuild\Microsoft\VC\v170\Microsoft.BuildSteps.Targets” z projektu „C:\Users\kazac\OneDrive\Pulpit\C++-folder\Aplikacja-Bankowa\Rejestracja Bankowa\Rejestracja Bankowa\Rejestracja Bankowa.vcxproj” (zależy od niego element docelowy „Rebuild”):
07:13:18.152     1>Wykonano kompilowanie elementu docelowego „_PrepareForRebuild” w projekcie „Rejestracja Bankowa.vcxproj”.: (identyfikator elementu docelowego: 4)
07:13:18.152     1>Element docelowy „BeforeRebuild: (identyfikator elementu docelowego: 5)” w pliku „C:\Program Files\Microsoft Visual Studio\18\Insiders\MSBuild\Current\Bin\amd64\Microsoft.Common.CurrentVersion.targets” z projektu „C:\Users\kazac\OneDrive\Pulpit\C++-folder\Aplikacja-Bankowa\Rejestracja Bankowa\Rejestracja Bankowa\Rejestracja Bankowa.vcxproj” (zależy od niego element docelowy „Rebuild”):
07:13:18.152     1>Wykonano kompilowanie elementu docelowego „BeforeRebuild” w projekcie „Rejestracja Bankowa.vcxproj”.: (identyfikator elementu docelowego: 5)
07:13:18.152     1>Element docelowy „_PrepareForClean: (identyfikator elementu docelowego: 6)” w pliku „C:\Program Files\Microsoft Visual Studio\18\Insiders\MSBuild\Microsoft\VC\v170\Microsoft.BuildSteps.Targets” z projektu „C:\Users\kazac\OneDrive\Pulpit\C++-folder\Aplikacja-Bankowa\Rejestracja Bankowa\Rejestracja Bankowa\Rejestracja Bankowa.vcxproj” (zależy od niego element docelowy „Clean”):
07:13:18.152     1>Wykonano kompilowanie elementu docelowego „_PrepareForClean” w projekcie „Rejestracja Bankowa.vcxproj”.: (identyfikator elementu docelowego: 6)
07:13:18.152     1>Element docelowy „BeforeClean: (identyfikator elementu docelowego: 7)” w pliku „C:\Program Files\Microsoft Visual Studio\18\Insiders\MSBuild\Current\Bin\amd64\Microsoft.Common.CurrentVersion.targets” z projektu „C:\Users\kazac\OneDrive\Pulpit\C++-folder\Aplikacja-Bankowa\Rejestracja Bankowa\Rejestracja Bankowa\Rejestracja Bankowa.vcxproj” (zależy od niego element docelowy „Clean”):
07:13:18.152     1>Wykonano kompilowanie elementu docelowego „BeforeClean” w projekcie „Rejestracja Bankowa.vcxproj”.: (identyfikator elementu docelowego: 7)
07:13:18.152     1>Element docelowy „CoreClean: (identyfikator elementu docelowego: 8)” w pliku „C:\Program Files\Microsoft Visual Studio\18\Insiders\MSBuild\Current\Bin\amd64\Microsoft.Common.CurrentVersion.targets” z projektu „C:\Users\kazac\OneDrive\Pulpit\C++-folder\Aplikacja-Bankowa\Rejestracja Bankowa\Rejestracja Bankowa\Rejestracja Bankowa.vcxproj” (zależy od niego element docelowy „Clean”):
                   Zadanie „Delete”: (identyfikator zadania: 9)
                   Wykonywanie zadania „Delete” zakończone.: (identyfikator zadania: 9)
                   Zadanie „ReadLinesFromFile”: (identyfikator zadania: 10)
                   Wykonywanie zadania „ReadLinesFromFile” zakończone.: (identyfikator zadania: 10)
                   Zadanie „FindUnderPath”: (identyfikator zadania: 11)
                   Wykonywanie zadania „FindUnderPath” zakończone.: (identyfikator zadania: 11)
                   Zadanie „FindUnderPath”: (identyfikator zadania: 12)
                   Wykonywanie zadania „FindUnderPath” zakończone.: (identyfikator zadania: 12)
                   Zadanie „Delete”: (identyfikator zadania: 13)
                   Wykonywanie zadania „Delete” zakończone.: (identyfikator zadania: 13)
                   Zadanie „RemoveDuplicates”: (identyfikator zadania: 14)
                   Wykonywanie zadania „RemoveDuplicates” zakończone.: (identyfikator zadania: 14)
                   Zadanie „MakeDir”: (identyfikator zadania: 15)
                   Wykonywanie zadania „MakeDir” zakończone.: (identyfikator zadania: 15)
                   Zadanie „WriteLinesToFile”: (identyfikator zadania: 16)
                   Wykonywanie zadania „WriteLinesToFile” zakończone.: (identyfikator zadania: 16)
07:13:18.160     1>Wykonano kompilowanie elementu docelowego „CoreClean” w projekcie „Rejestracja Bankowa.vcxproj”.: (identyfikator elementu docelowego: 8)
07:13:18.160     1>Element docelowy „IgnoreJavaScriptOutputAssembly: (identyfikator elementu docelowego: 9)” w pliku „C:\Program Files\Microsoft Visual Studio\18\Insiders\MSBuild\Current\Bin\amd64\Microsoft.Common.CurrentVersion.targets” z projektu „C:\Users\kazac\OneDrive\Pulpit\C++-folder\Aplikacja-Bankowa\Rejestracja Bankowa\Rejestracja Bankowa\Rejestracja Bankowa.vcxproj” (zależy od niego element docelowy „AssignProjectConfiguration”):
07:13:18.162     1>Wykonano kompilowanie elementu docelowego „IgnoreJavaScriptOutputAssembly” w projekcie „Rejestracja Bankowa.vcxproj”.: (identyfikator elementu docelowego: 9)
07:13:18.162     1>Element docelowy „AssignProjectConfiguration: (identyfikator elementu docelowego: 10)” w pliku „C:\Program Files\Microsoft Visual Studio\18\Insiders\MSBuild\Current\Bin\amd64\Microsoft.Common.CurrentVersion.targets” z projektu „C:\Users\kazac\OneDrive\Pulpit\C++-folder\Aplikacja-Bankowa\Rejestracja Bankowa\Rejestracja Bankowa\Rejestracja Bankowa.vcxproj” (zależy od niego element docelowy „PrepareProjectReferences”):
                   Zadanie „AssignProjectConfiguration”: (identyfikator zadania: 17)
                   Wykonywanie zadania „AssignProjectConfiguration” zakończone.: (identyfikator zadania: 17)
07:13:18.163     1>Wykonano kompilowanie elementu docelowego „AssignProjectConfiguration” w projekcie „Rejestracja Bankowa.vcxproj”.: (identyfikator elementu docelowego: 10)
07:13:18.163     1>Element docelowy „_SplitProjectReferencesByFileExistence: (identyfikator elementu docelowego: 11)” w pliku „C:\Program Files\Microsoft Visual Studio\18\Insiders\MSBuild\Current\Bin\amd64\Microsoft.Common.CurrentVersion.targets” z projektu „C:\Users\kazac\OneDrive\Pulpit\C++-folder\Aplikacja-Bankowa\Rejestracja Bankowa\Rejestracja Bankowa\Rejestracja Bankowa.vcxproj” (zależy od niego element docelowy „PrepareProjectReferences”):
07:13:18.163     1>Wykonano kompilowanie elementu docelowego „_SplitProjectReferencesByFileExistence” w projekcie „Rejestracja Bankowa.vcxproj”.: (identyfikator elementu docelowego: 11)
07:13:18.163     1>Element docelowy „_AddOutputPathToGlobalPropertiesToRemove: (identyfikator elementu docelowego: 12)” w pliku „C:\Program Files\Microsoft Visual Studio\18\Insiders\MSBuild\Current\Bin\amd64\Microsoft.Common.CurrentVersion.targets” z projektu „C:\Users\kazac\OneDrive\Pulpit\C++-folder\Aplikacja-Bankowa\Rejestracja Bankowa\Rejestracja Bankowa\Rejestracja Bankowa.vcxproj” (zależy od niego element docelowy „_GetProjectReferenceTargetFrameworkProperties”):
07:13:18.163     1>Wykonano kompilowanie elementu docelowego „_AddOutputPathToGlobalPropertiesToRemove” w projekcie „Rejestracja Bankowa.vcxproj”.: (identyfikator elementu docelowego: 12)
07:13:18.163     1>Element docelowy „_GetProjectReferenceTargetFrameworkProperties: (identyfikator elementu docelowego: 13)” w pliku „C:\Program Files\Microsoft Visual Studio\18\Insiders\MSBuild\Current\Bin\amd64\Microsoft.Common.CurrentVersion.targets” z projektu „C:\Users\kazac\OneDrive\Pulpit\C++-folder\Aplikacja-Bankowa\Rejestracja Bankowa\Rejestracja Bankowa\Rejestracja Bankowa.vcxproj” (zależy od niego element docelowy „PrepareProjectReferences”):
                   Zadanie „MSBuild”: (identyfikator zadania: 18)
                   Wykonywanie zadania „MSBuild” zakończone.: (identyfikator zadania: 18)
                   Zadanie „SetRidAgnosticValueForProjects”: (identyfikator zadania: 19)
                   Wykonywanie zadania „SetRidAgnosticValueForProjects” zakończone.: (identyfikator zadania: 19)
07:13:18.165     1>Wykonano kompilowanie elementu docelowego „_GetProjectReferenceTargetFrameworkProperties” w projekcie „Rejestracja Bankowa.vcxproj”.: (identyfikator elementu docelowego: 13)
07:13:18.165     1>Element docelowy „PrepareProjectReferences: (identyfikator elementu docelowego: 14)” w pliku „C:\Program Files\Microsoft Visual Studio\18\Insiders\MSBuild\Current\Bin\amd64\Microsoft.Common.CurrentVersion.targets” z projektu „C:\Users\kazac\OneDrive\Pulpit\C++-folder\Aplikacja-Bankowa\Rejestracja Bankowa\Rejestracja Bankowa\Rejestracja Bankowa.vcxproj” (zależy od niego element docelowy „CleanReferencedProjects”):
07:13:18.165     1>Wykonano kompilowanie elementu docelowego „PrepareProjectReferences” w projekcie „Rejestracja Bankowa.vcxproj”.: (identyfikator elementu docelowego: 14)
07:13:18.165     1>Element docelowy „CleanReferencedProjects: (identyfikator elementu docelowego: 15)” w pliku „C:\Program Files\Microsoft Visual Studio\18\Insiders\MSBuild\Current\Bin\amd64\Microsoft.Common.CurrentVersion.targets” z projektu „C:\Users\kazac\OneDrive\Pulpit\C++-folder\Aplikacja-Bankowa\Rejestracja Bankowa\Rejestracja Bankowa\Rejestracja Bankowa.vcxproj” (zależy od niego element docelowy „Clean”):
07:13:18.165     1>Wykonano kompilowanie elementu docelowego „CleanReferencedProjects” w projekcie „Rejestracja Bankowa.vcxproj”.: (identyfikator elementu docelowego: 15)
07:13:18.165     1>Element docelowy „CleanPublishFolder: (identyfikator elementu docelowego: 16)” w pliku „C:\Program Files\Microsoft Visual Studio\18\Insiders\MSBuild\Current\Bin\amd64\Microsoft.Common.CurrentVersion.targets” z projektu „C:\Users\kazac\OneDrive\Pulpit\C++-folder\Aplikacja-Bankowa\Rejestracja Bankowa\Rejestracja Bankowa\Rejestracja Bankowa.vcxproj” (zależy od niego element docelowy „Clean”):
07:13:18.165     1>Wykonano kompilowanie elementu docelowego „CleanPublishFolder” w projekcie „Rejestracja Bankowa.vcxproj”.: (identyfikator elementu docelowego: 16)
07:13:18.165     1>Element docelowy „AfterClean: (identyfikator elementu docelowego: 17)” w pliku „C:\Program Files\Microsoft Visual Studio\18\Insiders\MSBuild\Current\Bin\amd64\Microsoft.Common.CurrentVersion.targets” z projektu „C:\Users\kazac\OneDrive\Pulpit\C++-folder\Aplikacja-Bankowa\Rejestracja Bankowa\Rejestracja Bankowa\Rejestracja Bankowa.vcxproj” (zależy od niego element docelowy „Clean”):
07:13:18.165     1>Wykonano kompilowanie elementu docelowego „AfterClean” w projekcie „Rejestracja Bankowa.vcxproj”.: (identyfikator elementu docelowego: 17)
07:13:18.165     1>Element docelowy „BeforeCppClean: (identyfikator elementu docelowego: 18)” w pliku „C:\Program Files\Microsoft Visual Studio\18\Insiders\MSBuild\Microsoft\VC\v170\Microsoft.CppClean.targets” z projektu „C:\Users\kazac\OneDrive\Pulpit\C++-folder\Aplikacja-Bankowa\Rejestracja Bankowa\Rejestracja Bankowa\Rejestracja Bankowa.vcxproj” (zależy od niego element docelowy „CppClean”):
07:13:18.165     1>Wykonano kompilowanie elementu docelowego „BeforeCppClean” w projekcie „Rejestracja Bankowa.vcxproj”.: (identyfikator elementu docelowego: 18)
07:13:18.165     1>Element docelowy „CoreCppClean: (identyfikator elementu docelowego: 19)” w pliku „C:\Program Files\Microsoft Visual Studio\18\Insiders\MSBuild\Microsoft\VC\v170\Microsoft.CppClean.targets” z projektu „C:\Users\kazac\OneDrive\Pulpit\C++-folder\Aplikacja-Bankowa\Rejestracja Bankowa\Rejestracja Bankowa\Rejestracja Bankowa.vcxproj” (zależy od niego element docelowy „CppClean”):
                   Zadanie „MakeDir”: (identyfikator zadania: 20)
                   Wykonywanie zadania „MakeDir” zakończone.: (identyfikator zadania: 20)
                   Zadanie „CppClean”: (identyfikator zadania: 21)
                   Wykonywanie zadania „CppClean” zakończone.: (identyfikator zadania: 21)
                   Zadanie „WriteLinesToFile”: (identyfikator zadania: 22)
                   Wykonywanie zadania „WriteLinesToFile” zakończone.: (identyfikator zadania: 22)
07:13:18.183     1>Wykonano kompilowanie elementu docelowego „CoreCppClean” w projekcie „Rejestracja Bankowa.vcxproj”.: (identyfikator elementu docelowego: 19)
07:13:18.183     1>Element docelowy „AfterCppClean: (identyfikator elementu docelowego: 20)” w pliku „C:\Program Files\Microsoft Visual Studio\18\Insiders\MSBuild\Microsoft\VC\v170\Microsoft.CppClean.targets” z projektu „C:\Users\kazac\OneDrive\Pulpit\C++-folder\Aplikacja-Bankowa\Rejestracja Bankowa\Rejestracja Bankowa\Rejestracja Bankowa.vcxproj” (zależy od niego element docelowy „CppClean”):
07:13:18.183     1>Wykonano kompilowanie elementu docelowego „AfterCppClean” w projekcie „Rejestracja Bankowa.vcxproj”.: (identyfikator elementu docelowego: 20)
07:13:18.183     1>Element docelowy „PGInstrumentedClean: (identyfikator elementu docelowego: 21)” w pliku „C:\Program Files\Microsoft Visual Studio\18\Insiders\MSBuild\Microsoft\VC\v170\Microsoft.CppClean.targets” z projektu „C:\Users\kazac\OneDrive\Pulpit\C++-folder\Aplikacja-Bankowa\Rejestracja Bankowa\Rejestracja Bankowa\Rejestracja Bankowa.vcxproj” (zależy od niego element docelowy „CppClean”):
                   Zadanie „Delete”: (identyfikator zadania: 23)
                   Wykonywanie zadania „Delete” zakończone.: (identyfikator zadania: 23)
07:13:18.183     1>Wykonano kompilowanie elementu docelowego „PGInstrumentedClean” w projekcie „Rejestracja Bankowa.vcxproj”.: (identyfikator elementu docelowego: 21)
07:13:18.183     1>Element docelowy „CppClean: (identyfikator elementu docelowego: 22)” w pliku „C:\Program Files\Microsoft Visual Studio\18\Insiders\MSBuild\Microsoft\VC\v170\Microsoft.CppClean.targets” z projektu „C:\Users\kazac\OneDrive\Pulpit\C++-folder\Aplikacja-Bankowa\Rejestracja Bankowa\Rejestracja Bankowa\Rejestracja Bankowa.vcxproj” (zależy od niego element docelowy „Clean”):
07:13:18.183     1>Wykonano kompilowanie elementu docelowego „CppClean” w projekcie „Rejestracja Bankowa.vcxproj”.: (identyfikator elementu docelowego: 22)
07:13:18.183     1>Element docelowy „Clean: (identyfikator elementu docelowego: 23)” w pliku „C:\Program Files\Microsoft Visual Studio\18\Insiders\MSBuild\Current\Bin\amd64\Microsoft.Common.CurrentVersion.targets” z projektu „C:\Users\kazac\OneDrive\Pulpit\C++-folder\Aplikacja-Bankowa\Rejestracja Bankowa\Rejestracja Bankowa\Rejestracja Bankowa.vcxproj” (zależy od niego element docelowy „Rebuild”):
07:13:18.183     1>Wykonano kompilowanie elementu docelowego „Clean” w projekcie „Rejestracja Bankowa.vcxproj”.: (identyfikator elementu docelowego: 23)
07:13:18.183     1>Element docelowy „_PrepareForBuild: (identyfikator elementu docelowego: 24)” w pliku „C:\Program Files\Microsoft Visual Studio\18\Insiders\MSBuild\Microsoft\VC\v170\Microsoft.BuildSteps.Targets” z projektu „C:\Users\kazac\OneDrive\Pulpit\C++-folder\Aplikacja-Bankowa\Rejestracja Bankowa\Rejestracja Bankowa\Rejestracja Bankowa.vcxproj” (zależy od niego element docelowy „Build”):
07:13:18.184     1>Wykonano kompilowanie elementu docelowego „_PrepareForBuild” w projekcie „Rejestracja Bankowa.vcxproj”.: (identyfikator elementu docelowego: 24)
07:13:18.184     1>Element docelowy „_PrepareForReferenceResolution: (identyfikator elementu docelowego: 25)” w pliku „C:\Program Files\Microsoft Visual Studio\18\Insiders\MSBuild\Microsoft\VC\v170\Microsoft.CppBuild.targets” z projektu „C:\Users\kazac\OneDrive\Pulpit\C++-folder\Aplikacja-Bankowa\Rejestracja Bankowa\Rejestracja Bankowa\Rejestracja Bankowa.vcxproj” (zależy od niego element docelowy „ResolveReferences”):
07:13:18.184     1>Wykonano kompilowanie elementu docelowego „_PrepareForReferenceResolution” w projekcie „Rejestracja Bankowa.vcxproj”.: (identyfikator elementu docelowego: 25)
07:13:18.184     1>Element docelowy „BeforeResolveReferences: (identyfikator elementu docelowego: 26)” w pliku „C:\Program Files\Microsoft Visual Studio\18\Insiders\MSBuild\Current\Bin\amd64\Microsoft.Common.CurrentVersion.targets” z projektu „C:\Users\kazac\OneDrive\Pulpit\C++-folder\Aplikacja-Bankowa\Rejestracja Bankowa\Rejestracja Bankowa\Rejestracja Bankowa.vcxproj” (zależy od niego element docelowy „ResolveReferences”):
07:13:18.184     1>Wykonano kompilowanie elementu docelowego „BeforeResolveReferences” w projekcie „Rejestracja Bankowa.vcxproj”.: (identyfikator elementu docelowego: 26)
07:13:18.184     1>Element docelowy „ResolveProjectReferences: (identyfikator elementu docelowego: 27)” w pliku „C:\Program Files\Microsoft Visual Studio\18\Insiders\MSBuild\Current\Bin\amd64\Microsoft.Common.CurrentVersion.targets” z projektu „C:\Users\kazac\OneDrive\Pulpit\C++-folder\Aplikacja-Bankowa\Rejestracja Bankowa\Rejestracja Bankowa\Rejestracja Bankowa.vcxproj” (zależy od niego element docelowy „ResolveReferences”):
07:13:18.184     1>Wykonano kompilowanie elementu docelowego „ResolveProjectReferences” w projekcie „Rejestracja Bankowa.vcxproj”.: (identyfikator elementu docelowego: 27)
07:13:18.184     1>Element docelowy „GetFrameworkPaths: (identyfikator elementu docelowego: 28)” w pliku „C:\Program Files\Microsoft Visual Studio\18\Insiders\MSBuild\Current\Bin\amd64\Microsoft.NETFramework.CurrentVersion.targets” z projektu „C:\Users\kazac\OneDrive\Pulpit\C++-folder\Aplikacja-Bankowa\Rejestracja Bankowa\Rejestracja Bankowa\Rejestracja Bankowa.vcxproj” (zależy od niego element docelowy „ResolveAssemblyReferences”):
07:13:18.184     1>Wykonano kompilowanie elementu docelowego „GetFrameworkPaths” w projekcie „Rejestracja Bankowa.vcxproj”.: (identyfikator elementu docelowego: 28)
07:13:18.186     1>Element docelowy „GetReferenceAssemblyPaths: (identyfikator elementu docelowego: 29)” w pliku „C:\Program Files\Microsoft Visual Studio\18\Insiders\MSBuild\Current\Bin\amd64\Microsoft.Common.CurrentVersion.targets” z projektu „C:\Users\kazac\OneDrive\Pulpit\C++-folder\Aplikacja-Bankowa\Rejestracja Bankowa\Rejestracja Bankowa\Rejestracja Bankowa.vcxproj” (zależy od niego element docelowy „ResolveAssemblyReferences”):
                   Zadanie „GetReferenceAssemblyPaths”: (identyfikator zadania: 24)
                   Wykonywanie zadania „GetReferenceAssemblyPaths” zakończone.: (identyfikator zadania: 24)
07:13:18.195     1>Wykonano kompilowanie elementu docelowego „GetReferenceAssemblyPaths” w projekcie „Rejestracja Bankowa.vcxproj”.: (identyfikator elementu docelowego: 29)
07:13:18.195     1>Element docelowy „AddExternalIncludDirectoriesToPaths: (identyfikator elementu docelowego: 30)” w pliku „C:\Program Files\Microsoft Visual Studio\18\Insiders\MSBuild\Microsoft\VC\v170\Microsoft.Cpp.Current.targets” z projektu „C:\Users\kazac\OneDrive\Pulpit\C++-folder\Aplikacja-Bankowa\Rejestracja Bankowa\Rejestracja Bankowa\Rejestracja Bankowa.vcxproj” (zależy od niego element docelowy „SetBuildDefaultEnvironmentVariables”):
07:13:18.195     1>Wykonano kompilowanie elementu docelowego „AddExternalIncludDirectoriesToPaths” w projekcie „Rejestracja Bankowa.vcxproj”.: (identyfikator elementu docelowego: 30)
07:13:18.195     1>Element docelowy „SetBuildDefaultEnvironmentVariables: (identyfikator elementu docelowego: 31)” w pliku „C:\Program Files\Microsoft Visual Studio\18\Insiders\MSBuild\Microsoft\VC\v170\Microsoft.Cpp.Current.targets” z projektu „C:\Users\kazac\OneDrive\Pulpit\C++-folder\Aplikacja-Bankowa\Rejestracja Bankowa\Rejestracja Bankowa\Rejestracja Bankowa.vcxproj” (zależy od niego element docelowy „PrepareForBuild”):
                   Zadanie „SetEnv”: (identyfikator zadania: 25)
                   Wykonywanie zadania „SetEnv” zakończone.: (identyfikator zadania: 25)
                   Zadanie „SetEnv”: (identyfikator zadania: 26)
                   Wykonywanie zadania „SetEnv” zakończone.: (identyfikator zadania: 26)
                   Zadanie „SetEnv”: (identyfikator zadania: 27)
                   Wykonywanie zadania „SetEnv” zakończone.: (identyfikator zadania: 27)
                   Zadanie „SetEnv”: (identyfikator zadania: 28)
                   Wykonywanie zadania „SetEnv” zakończone.: (identyfikator zadania: 28)
                   Zadanie „SetEnv”: (identyfikator zadania: 29)
                   Wykonywanie zadania „SetEnv” zakończone.: (identyfikator zadania: 29)
07:13:18.196     1>Wykonano kompilowanie elementu docelowego „SetBuildDefaultEnvironmentVariables” w projekcie „Rejestracja Bankowa.vcxproj”.: (identyfikator elementu docelowego: 31)
07:13:18.196     1>Element docelowy „GetResolvedWinMD: (identyfikator elementu docelowego: 32)” w pliku „C:\Program Files\Microsoft Visual Studio\18\Insiders\MSBuild\Microsoft\VC\v170\Microsoft.CppBuild.targets” z projektu „C:\Users\kazac\OneDrive\Pulpit\C++-folder\Aplikacja-Bankowa\Rejestracja Bankowa\Rejestracja Bankowa\Rejestracja Bankowa.vcxproj” (zależy od niego element docelowy „PrepareForBuild”):
07:13:18.196     1>Wykonano kompilowanie elementu docelowego „GetResolvedWinMD” w projekcie „Rejestracja Bankowa.vcxproj”.: (identyfikator elementu docelowego: 32)
07:13:18.197     1>Element docelowy „_CheckWindowsSDKInstalled: (identyfikator elementu docelowego: 33)” w pliku „C:\Program Files\Microsoft Visual Studio\18\Insiders\MSBuild\Microsoft\VC\v170\Microsoft.Cpp.WindowsSDK.targets” z projektu „C:\Users\kazac\OneDrive\Pulpit\C++-folder\Aplikacja-Bankowa\Rejestracja Bankowa\Rejestracja Bankowa\Rejestracja Bankowa.vcxproj” (zależy od niego element docelowy „PrepareForBuild”):
07:13:18.197     1>Wykonano kompilowanie elementu docelowego „_CheckWindowsSDKInstalled” w projekcie „Rejestracja Bankowa.vcxproj”.: (identyfikator elementu docelowego: 33)
07:13:18.197     1>Element docelowy „SetCABuildNativeEnvironmentVariables: (identyfikator elementu docelowego: 34)” w pliku „C:\Program Files\Microsoft Visual Studio\18\Insiders\MSBuild\Microsoft\VisualStudio\v18.0\CodeAnalysis\Microsoft.CodeAnalysis.targets” z projektu „C:\Users\kazac\OneDrive\Pulpit\C++-folder\Aplikacja-Bankowa\Rejestracja Bankowa\Rejestracja Bankowa\Rejestracja Bankowa.vcxproj” (zależy od niego element docelowy „PrepareForBuild”):
                   Zadanie „SetEnv”: (identyfikator zadania: 30)
                   Wykonywanie zadania „SetEnv” zakończone.: (identyfikator zadania: 30)
07:13:18.198     1>Wykonano kompilowanie elementu docelowego „SetCABuildNativeEnvironmentVariables” w projekcie „Rejestracja Bankowa.vcxproj”.: (identyfikator elementu docelowego: 34)
07:13:18.198     1>Element docelowy „PrepareForBuild: (identyfikator elementu docelowego: 35)” w pliku „C:\Program Files\Microsoft Visual Studio\18\Insiders\MSBuild\Microsoft\VC\v170\Microsoft.CppBuild.targets” z projektu „C:\Users\kazac\OneDrive\Pulpit\C++-folder\Aplikacja-Bankowa\Rejestracja Bankowa\Rejestracja Bankowa\Rejestracja Bankowa.vcxproj” (zależy od niego element docelowy „ResolveAssemblyReferences”):
                   Zadanie „MakeDir”: (identyfikator zadania: 31)
                   Wykonywanie zadania „MakeDir” zakończone.: (identyfikator zadania: 31)
                   Zadanie „CheckVCToolsetVersion”: (identyfikator zadania: 32)
                   Wykonywanie zadania „CheckVCToolsetVersion” zakończone.: (identyfikator zadania: 32)
                   Zadanie „VCMessage”: (identyfikator zadania: 33)
                   Wykonywanie zadania „VCMessage” zakończone.: (identyfikator zadania: 33)
                   Zadanie „MakeDir”: (identyfikator zadania: 34)
                   Wykonywanie zadania „MakeDir” zakończone.: (identyfikator zadania: 34)
07:13:18.217     1>Wykonano kompilowanie elementu docelowego „PrepareForBuild” w projekcie „Rejestracja Bankowa.vcxproj”.: (identyfikator elementu docelowego: 35)
07:13:18.217     1>Element docelowy „ResolveSDKReferences: (identyfikator elementu docelowego: 36)” w pliku „C:\Program Files\Microsoft Visual Studio\18\Insiders\MSBuild\Current\Bin\amd64\Microsoft.Common.CurrentVersion.targets” z projektu „C:\Users\kazac\OneDrive\Pulpit\C++-folder\Aplikacja-Bankowa\Rejestracja Bankowa\Rejestracja Bankowa\Rejestracja Bankowa.vcxproj” (zależy od niego element docelowy „ResolveAssemblyReferences”):
07:13:18.218     1>Wykonano kompilowanie elementu docelowego „ResolveSDKReferences” w projekcie „Rejestracja Bankowa.vcxproj”.: (identyfikator elementu docelowego: 36)
07:13:18.218     1>Element docelowy „ExpandSDKReferences: (identyfikator elementu docelowego: 37)” w pliku „C:\Program Files\Microsoft Visual Studio\18\Insiders\MSBuild\Current\Bin\amd64\Microsoft.Common.CurrentVersion.targets” z projektu „C:\Users\kazac\OneDrive\Pulpit\C++-folder\Aplikacja-Bankowa\Rejestracja Bankowa\Rejestracja Bankowa\Rejestracja Bankowa.vcxproj” (zależy od niego element docelowy „ResolveAssemblyReferences”):
07:13:18.218     1>Wykonano kompilowanie elementu docelowego „ExpandSDKReferences” w projekcie „Rejestracja Bankowa.vcxproj”.: (identyfikator elementu docelowego: 37)
07:13:18.218     1>Element docelowy „ImplicitlyExpandNETStandardFacades: (identyfikator elementu docelowego: 38)” w pliku „C:\Program Files\Microsoft Visual Studio\18\Insiders\MSBuild\Microsoft\Microsoft.NET.Build.Extensions\Microsoft.NET.Build.Extensions.NETFramework.targets” z projektu „C:\Users\kazac\OneDrive\Pulpit\C++-folder\Aplikacja-Bankowa\Rejestracja Bankowa\Rejestracja Bankowa\Rejestracja Bankowa.vcxproj” (zależy od niego element docelowy „ResolveAssemblyReferences”):
07:13:18.219     1>Wykonano kompilowanie elementu docelowego „ImplicitlyExpandNETStandardFacades” w projekcie „Rejestracja Bankowa.vcxproj”.: (identyfikator elementu docelowego: 38)
07:13:18.219     1>Element docelowy „_HandlePackageFileConflicts: (identyfikator elementu docelowego: 39)” w pliku „C:\Program Files\Microsoft Visual Studio\18\Insiders\MSBuild\Microsoft\Microsoft.NET.Build.Extensions\Microsoft.NET.Build.Extensions.ConflictResolution.targets” z projektu „C:\Users\kazac\OneDrive\Pulpit\C++-folder\Aplikacja-Bankowa\Rejestracja Bankowa\Rejestracja Bankowa\Rejestracja Bankowa.vcxproj” (zależy od niego element docelowy „ResolveAssemblyReferences”):
                   Zadanie „ResolvePackageFileConflicts”: (identyfikator zadania: 35)
                   Wykonywanie zadania „ResolvePackageFileConflicts” zakończone.: (identyfikator zadania: 35)
07:13:18.248     1>Wykonano kompilowanie elementu docelowego „_HandlePackageFileConflicts” w projekcie „Rejestracja Bankowa.vcxproj”.: (identyfikator elementu docelowego: 39)
07:13:18.248     1>Element docelowy „ResolveAssemblyReferences: (identyfikator elementu docelowego: 40)” w pliku „C:\Program Files\Microsoft Visual Studio\18\Insiders\MSBuild\Current\Bin\amd64\Microsoft.Common.CurrentVersion.targets” z projektu „C:\Users\kazac\OneDrive\Pulpit\C++-folder\Aplikacja-Bankowa\Rejestracja Bankowa\Rejestracja Bankowa\Rejestracja Bankowa.vcxproj” (zależy od niego element docelowy „ResolveReferences”):
                   Zadanie „ResolveAssemblyReference”: (identyfikator zadania: 36)
                   Wykonywanie zadania „ResolveAssemblyReference” zakończone.: (identyfikator zadania: 36)
07:13:18.305     1>Wykonano kompilowanie elementu docelowego „ResolveAssemblyReferences” w projekcie „Rejestracja Bankowa.vcxproj”.: (identyfikator elementu docelowego: 40)
07:13:18.305     1>Element docelowy „_RemoveZipFileSuggestedRedirect: (identyfikator elementu docelowego: 41)” w pliku „C:\Program Files\Microsoft Visual Studio\18\Insiders\MSBuild\Microsoft\Microsoft.NET.Build.Extensions\Microsoft.NET.Build.Extensions.NETFramework.targets” z projektu „C:\Users\kazac\OneDrive\Pulpit\C++-folder\Aplikacja-Bankowa\Rejestracja Bankowa\Rejestracja Bankowa\Rejestracja Bankowa.vcxproj” (zależy od niego element docelowy „GenerateBindingRedirects”):
07:13:18.305     1>Wykonano kompilowanie elementu docelowego „_RemoveZipFileSuggestedRedirect” w projekcie „Rejestracja Bankowa.vcxproj”.: (identyfikator elementu docelowego: 41)
07:13:18.305     1>Element docelowy „GenerateBindingRedirectsUpdateAppConfig: (identyfikator elementu docelowego: 42)” w pliku „C:\Program Files\Microsoft Visual Studio\18\Insiders\MSBuild\Current\Bin\amd64\Microsoft.Common.CurrentVersion.targets” z projektu „C:\Users\kazac\OneDrive\Pulpit\C++-folder\Aplikacja-Bankowa\Rejestracja Bankowa\Rejestracja Bankowa\Rejestracja Bankowa.vcxproj” (zależy od niego element docelowy „ResolveReferences”):
07:13:18.306     1>Wykonano kompilowanie elementu docelowego „GenerateBindingRedirectsUpdateAppConfig” w projekcie „Rejestracja Bankowa.vcxproj”.: (identyfikator elementu docelowego: 42)
07:13:18.306     1>Element docelowy „AfterResolveReferences: (identyfikator elementu docelowego: 43)” w pliku „C:\Program Files\Microsoft Visual Studio\18\Insiders\MSBuild\Current\Bin\amd64\Microsoft.Common.CurrentVersion.targets” z projektu „C:\Users\kazac\OneDrive\Pulpit\C++-folder\Aplikacja-Bankowa\Rejestracja Bankowa\Rejestracja Bankowa\Rejestracja Bankowa.vcxproj” (zależy od niego element docelowy „ResolveReferences”):
07:13:18.306     1>Wykonano kompilowanie elementu docelowego „AfterResolveReferences” w projekcie „Rejestracja Bankowa.vcxproj”.: (identyfikator elementu docelowego: 43)
07:13:18.306     1>Element docelowy „ImplicitlyExpandDesignTimeFacades: (identyfikator elementu docelowego: 44)” w pliku „C:\Program Files\Microsoft Visual Studio\18\Insiders\MSBuild\Current\Bin\amd64\Microsoft.NETFramework.CurrentVersion.targets” z projektu „C:\Users\kazac\OneDrive\Pulpit\C++-folder\Aplikacja-Bankowa\Rejestracja Bankowa\Rejestracja Bankowa\Rejestracja Bankowa.vcxproj” (zależy od niego element docelowy „ResolveReferences”):
07:13:18.306     1>Wykonano kompilowanie elementu docelowego „ImplicitlyExpandDesignTimeFacades” w projekcie „Rejestracja Bankowa.vcxproj”.: (identyfikator elementu docelowego: 44)
07:13:18.306     1>Element docelowy „ResolveReferences: (identyfikator elementu docelowego: 45)” w pliku „C:\Program Files\Microsoft Visual Studio\18\Insiders\MSBuild\Current\Bin\amd64\Microsoft.Common.CurrentVersion.targets” z projektu „C:\Users\kazac\OneDrive\Pulpit\C++-folder\Aplikacja-Bankowa\Rejestracja Bankowa\Rejestracja Bankowa\Rejestracja Bankowa.vcxproj” (zależy od niego element docelowy „Build”):
07:13:18.306     1>Wykonano kompilowanie elementu docelowego „ResolveReferences” w projekcie „Rejestracja Bankowa.vcxproj”.: (identyfikator elementu docelowego: 45)
07:13:18.306     1>Element docelowy „InitializeBuildStatus: (identyfikator elementu docelowego: 46)” w pliku „C:\Program Files\Microsoft Visual Studio\18\Insiders\MSBuild\Microsoft\VC\v170\Microsoft.CppBuild.targets” z projektu „C:\Users\kazac\OneDrive\Pulpit\C++-folder\Aplikacja-Bankowa\Rejestracja Bankowa\Rejestracja Bankowa\Rejestracja Bankowa.vcxproj” (zależy od niego element docelowy „Build”):
                   Zadanie „ReadLinesFromFile”: (identyfikator zadania: 37)
                   Wykonywanie zadania „ReadLinesFromFile” zakończone.: (identyfikator zadania: 37)
                   Zadanie „WriteLinesToFile”: (identyfikator zadania: 38)
                   Wykonywanie zadania „WriteLinesToFile” zakończone.: (identyfikator zadania: 38)
                   Zadanie „Touch”: (identyfikator zadania: 39)
                   Wykonywanie zadania „Touch” zakończone.: (identyfikator zadania: 39)
07:13:18.316     1>Wykonano kompilowanie elementu docelowego „InitializeBuildStatus” w projekcie „Rejestracja Bankowa.vcxproj”.: (identyfikator elementu docelowego: 46)
07:13:18.316     1>Element docelowy „BuildGenerateSourcesTraverse: (identyfikator elementu docelowego: 47)” w pliku „C:\Program Files\Microsoft Visual Studio\18\Insiders\MSBuild\Current\Bin\amd64\Microsoft.Common.CurrentVersion.targets” z projektu „C:\Users\kazac\OneDrive\Pulpit\C++-folder\Aplikacja-Bankowa\Rejestracja Bankowa\Rejestracja Bankowa\Rejestracja Bankowa.vcxproj” (zależy od niego element docelowy „BuildGenerateSources”):
07:13:18.316     1>Wykonano kompilowanie elementu docelowego „BuildGenerateSourcesTraverse” w projekcie „Rejestracja Bankowa.vcxproj”.: (identyfikator elementu docelowego: 47)
07:13:18.316     1>Element docelowy „BeforeBuildGenerateSources: (identyfikator elementu docelowego: 48)” w pliku „C:\Program Files\Microsoft Visual Studio\18\Insiders\MSBuild\Microsoft\VC\v170\Microsoft.BuildSteps.Targets” z projektu „C:\Users\kazac\OneDrive\Pulpit\C++-folder\Aplikacja-Bankowa\Rejestracja Bankowa\Rejestracja Bankowa\Rejestracja Bankowa.vcxproj” (zależy od niego element docelowy „_BuildGenerateSourcesAction”):
07:13:18.316     1>Wykonano kompilowanie elementu docelowego „BeforeBuildGenerateSources” w projekcie „Rejestracja Bankowa.vcxproj”.: (identyfikator elementu docelowego: 48)
07:13:18.316     1>Element docelowy „PreBuildEvent: (identyfikator elementu docelowego: 49)” w pliku „C:\Program Files\Microsoft Visual Studio\18\Insiders\MSBuild\Microsoft\VC\v170\Microsoft.CppCommon.targets” z projektu „C:\Users\kazac\OneDrive\Pulpit\C++-folder\Aplikacja-Bankowa\Rejestracja Bankowa\Rejestracja Bankowa\Rejestracja Bankowa.vcxproj” (zależy od niego element docelowy „_BuildGenerateSourcesAction”):
07:13:18.316     1>Wykonano kompilowanie elementu docelowego „PreBuildEvent” w projekcie „Rejestracja Bankowa.vcxproj”.: (identyfikator elementu docelowego: 49)
07:13:18.316     1>Element docelowy „_SelectedFiles: (identyfikator elementu docelowego: 50)” w pliku „C:\Program Files\Microsoft Visual Studio\18\Insiders\MSBuild\Microsoft\VC\v170\Microsoft.CppBuild.targets” z projektu „C:\Users\kazac\OneDrive\Pulpit\C++-folder\Aplikacja-Bankowa\Rejestracja Bankowa\Rejestracja Bankowa\Rejestracja Bankowa.vcxproj” (zależy od niego element docelowy „SelectCustomBuild”):
07:13:18.316     1>Wykonano kompilowanie elementu docelowego „_SelectedFiles” w projekcie „Rejestracja Bankowa.vcxproj”.: (identyfikator elementu docelowego: 50)
07:13:18.316     1>Element docelowy „SelectCustomBuild: (identyfikator elementu docelowego: 51)” w pliku „C:\Program Files\Microsoft Visual Studio\18\Insiders\MSBuild\Microsoft\VC\v170\Microsoft.CppBuild.targets” z projektu „C:\Users\kazac\OneDrive\Pulpit\C++-folder\Aplikacja-Bankowa\Rejestracja Bankowa\Rejestracja Bankowa\Rejestracja Bankowa.vcxproj” (zależy od niego element docelowy „CustomBuild”):
07:13:18.316     1>Wykonano kompilowanie elementu docelowego „SelectCustomBuild” w projekcie „Rejestracja Bankowa.vcxproj”.: (identyfikator elementu docelowego: 51)
07:13:18.317     1>Element docelowy „ComputeCustomBuildOutput: (identyfikator elementu docelowego: 52)” w pliku „C:\Program Files\Microsoft Visual Studio\18\Insiders\MSBuild\Microsoft\VC\v170\Microsoft.CppBuild.targets” z projektu „C:\Users\kazac\OneDrive\Pulpit\C++-folder\Aplikacja-Bankowa\Rejestracja Bankowa\Rejestracja Bankowa\Rejestracja Bankowa.vcxproj” (zależy od niego element docelowy „CustomBuild”):
                   Zadanie „MakeDir”: (identyfikator zadania: 40)
                   Wykonywanie zadania „MakeDir” zakończone.: (identyfikator zadania: 40)
07:13:18.317     1>Wykonano kompilowanie elementu docelowego „ComputeCustomBuildOutput” w projekcie „Rejestracja Bankowa.vcxproj”.: (identyfikator elementu docelowego: 52)
07:13:18.317     1>Element docelowy „CustomBuild: (identyfikator elementu docelowego: 53)” w pliku „C:\Program Files\Microsoft Visual Studio\18\Insiders\MSBuild\Microsoft\VC\v170\Microsoft.CppCommon.targets” z projektu „C:\Users\kazac\OneDrive\Pulpit\C++-folder\Aplikacja-Bankowa\Rejestracja Bankowa\Rejestracja Bankowa\Rejestracja Bankowa.vcxproj” (zależy od niego element docelowy „_BuildGenerateSourcesAction”):
                   Zadanie „GetOutOfDateItems”: (identyfikator zadania: 41)
                   Wykonywanie zadania „GetOutOfDateItems” zakończone.: (identyfikator zadania: 41)
                   Zadanie „GetOutOfDateItems”: (identyfikator zadania: 42)
                   Wykonywanie zadania „GetOutOfDateItems” zakończone.: (identyfikator zadania: 42)
07:13:18.326     1>Wykonano kompilowanie elementu docelowego „CustomBuild” w projekcie „Rejestracja Bankowa.vcxproj”.: (identyfikator elementu docelowego: 53)
07:13:18.326     1>Element docelowy „CopyFileToFolders: (identyfikator elementu docelowego: 54)” w pliku „C:\Program Files\Microsoft Visual Studio\18\Insiders\MSBuild\Microsoft\VC\v170\Microsoft.CppCommon.targets” z projektu „C:\Users\kazac\OneDrive\Pulpit\C++-folder\Aplikacja-Bankowa\Rejestracja Bankowa\Rejestracja Bankowa\Rejestracja Bankowa.vcxproj” (zależy od niego element docelowy „_BuildGenerateSourcesAction”):
                   Zadanie „GetOutOfDateItems”: (identyfikator zadania: 43)
                   Wykonywanie zadania „GetOutOfDateItems” zakończone.: (identyfikator zadania: 43)
07:13:18.328     1>Wykonano kompilowanie elementu docelowego „CopyFileToFolders” w projekcie „Rejestracja Bankowa.vcxproj”.: (identyfikator elementu docelowego: 54)
07:13:18.328     1>Element docelowy „_Xsd: (identyfikator elementu docelowego: 55)” w pliku „C:\Program Files\Microsoft Visual Studio\18\Insiders\MSBuild\Microsoft\VC\v170\Microsoft.CppBuild.targets” z projektu „C:\Users\kazac\OneDrive\Pulpit\C++-folder\Aplikacja-Bankowa\Rejestracja Bankowa\Rejestracja Bankowa\Rejestracja Bankowa.vcxproj” (zależy od niego element docelowy „_BuildGenerateSourcesAction”):
07:13:18.328     1>Wykonano kompilowanie elementu docelowego „_Xsd” w projekcie „Rejestracja Bankowa.vcxproj”.: (identyfikator elementu docelowego: 55)
07:13:18.328     1>Element docelowy „MakeDirsForMidl: (identyfikator elementu docelowego: 56)” w pliku „C:\Program Files\Microsoft Visual Studio\18\Insiders\MSBuild\Microsoft\VC\v170\Microsoft.CppBuild.targets” z projektu „C:\Users\kazac\OneDrive\Pulpit\C++-folder\Aplikacja-Bankowa\Rejestracja Bankowa\Rejestracja Bankowa\Rejestracja Bankowa.vcxproj” (zależy od niego element docelowy „_Midl”):
                   Zadanie „Makedir”: (identyfikator zadania: 44)
                   Wykonywanie zadania „Makedir” zakończone.: (identyfikator zadania: 44)
07:13:18.328     1>Wykonano kompilowanie elementu docelowego „MakeDirsForMidl” w projekcie „Rejestracja Bankowa.vcxproj”.: (identyfikator elementu docelowego: 56)
07:13:18.328     1>Element docelowy „ComputeMIDLGeneratedCompileInputs: (identyfikator elementu docelowego: 57)” w pliku „C:\Program Files\Microsoft Visual Studio\18\Insiders\MSBuild\Microsoft\VC\v170\Microsoft.CppBuild.targets” z projektu „C:\Users\kazac\OneDrive\Pulpit\C++-folder\Aplikacja-Bankowa\Rejestracja Bankowa\Rejestracja Bankowa\Rejestracja Bankowa.vcxproj” (zależy od niego element docelowy „_Midl”):
07:13:18.328     1>Wykonano kompilowanie elementu docelowego „ComputeMIDLGeneratedCompileInputs” w projekcie „Rejestracja Bankowa.vcxproj”.: (identyfikator elementu docelowego: 57)
07:13:18.328     1>Element docelowy „AfterMidl: (identyfikator elementu docelowego: 58)” w pliku „C:\Program Files\Microsoft Visual Studio\18\Insiders\MSBuild\Microsoft\VC\v170\Microsoft.CppBuild.targets” z projektu „C:\Users\kazac\OneDrive\Pulpit\C++-folder\Aplikacja-Bankowa\Rejestracja Bankowa\Rejestracja Bankowa\Rejestracja Bankowa.vcxproj” (zależy od niego element docelowy „_Midl”):
07:13:18.328     1>Wykonano kompilowanie elementu docelowego „AfterMidl” w projekcie „Rejestracja Bankowa.vcxproj”.: (identyfikator elementu docelowego: 58)
07:13:18.328     1>Element docelowy „_Midl: (identyfikator elementu docelowego: 59)” w pliku „C:\Program Files\Microsoft Visual Studio\18\Insiders\MSBuild\Microsoft\VC\v170\Microsoft.CppBuild.targets” z projektu „C:\Users\kazac\OneDrive\Pulpit\C++-folder\Aplikacja-Bankowa\Rejestracja Bankowa\Rejestracja Bankowa\Rejestracja Bankowa.vcxproj” (zależy od niego element docelowy „_BuildGenerateSourcesAction”):
07:13:18.328     1>Wykonano kompilowanie elementu docelowego „_Midl” w projekcie „Rejestracja Bankowa.vcxproj”.: (identyfikator elementu docelowego: 59)
07:13:18.328     1>Element docelowy „AfterBuildGenerateSources: (identyfikator elementu docelowego: 60)” w pliku „C:\Program Files\Microsoft Visual Studio\18\Insiders\MSBuild\Microsoft\VC\v170\Microsoft.BuildSteps.Targets” z projektu „C:\Users\kazac\OneDrive\Pulpit\C++-folder\Aplikacja-Bankowa\Rejestracja Bankowa\Rejestracja Bankowa\Rejestracja Bankowa.vcxproj” (zależy od niego element docelowy „_BuildGenerateSourcesAction”):
07:13:18.328     1>Wykonano kompilowanie elementu docelowego „AfterBuildGenerateSources” w projekcie „Rejestracja Bankowa.vcxproj”.: (identyfikator elementu docelowego: 60)
07:13:18.328     1>Element docelowy „AfterBuildGenerateSourcesEvent: (identyfikator elementu docelowego: 61)” w pliku „C:\Program Files\Microsoft Visual Studio\18\Insiders\MSBuild\Microsoft\VC\v170\Microsoft.CppBuild.targets” z projektu „C:\Users\kazac\OneDrive\Pulpit\C++-folder\Aplikacja-Bankowa\Rejestracja Bankowa\Rejestracja Bankowa\Rejestracja Bankowa.vcxproj” (zależy od niego element docelowy „_BuildGenerateSourcesAction”):
07:13:18.328     1>Wykonano kompilowanie elementu docelowego „AfterBuildGenerateSourcesEvent” w projekcie „Rejestracja Bankowa.vcxproj”.: (identyfikator elementu docelowego: 61)
07:13:18.328     1>Element docelowy „_BuildGenerateSourcesAction: (identyfikator elementu docelowego: 62)” w pliku „C:\Program Files\Microsoft Visual Studio\18\Insiders\MSBuild\Microsoft\VC\v170\Microsoft.CppBuild.targets” z projektu „C:\Users\kazac\OneDrive\Pulpit\C++-folder\Aplikacja-Bankowa\Rejestracja Bankowa\Rejestracja Bankowa\Rejestracja Bankowa.vcxproj” (zależy od niego element docelowy „BuildGenerateSources”):
07:13:18.328     1>Wykonano kompilowanie elementu docelowego „_BuildGenerateSourcesAction” w projekcie „Rejestracja Bankowa.vcxproj”.: (identyfikator elementu docelowego: 62)
07:13:18.328     1>Element docelowy „BuildGenerateSources: (identyfikator elementu docelowego: 63)” w pliku „C:\Program Files\Microsoft Visual Studio\18\Insiders\MSBuild\Current\Bin\amd64\Microsoft.Common.CurrentVersion.targets” z projektu „C:\Users\kazac\OneDrive\Pulpit\C++-folder\Aplikacja-Bankowa\Rejestracja Bankowa\Rejestracja Bankowa\Rejestracja Bankowa.vcxproj” (zależy od niego element docelowy „Build”):
07:13:18.328     1>Wykonano kompilowanie elementu docelowego „BuildGenerateSources” w projekcie „Rejestracja Bankowa.vcxproj”.: (identyfikator elementu docelowego: 63)
07:13:18.328     1>Element docelowy „BuildCompileTraverse: (identyfikator elementu docelowego: 64)” w pliku „C:\Program Files\Microsoft Visual Studio\18\Insiders\MSBuild\Current\Bin\amd64\Microsoft.Common.CurrentVersion.targets” z projektu „C:\Users\kazac\OneDrive\Pulpit\C++-folder\Aplikacja-Bankowa\Rejestracja Bankowa\Rejestracja Bankowa\Rejestracja Bankowa.vcxproj” (zależy od niego element docelowy „BuildCompile”):
07:13:18.328     1>Wykonano kompilowanie elementu docelowego „BuildCompileTraverse” w projekcie „Rejestracja Bankowa.vcxproj”.: (identyfikator elementu docelowego: 64)
07:13:18.328     1>Element docelowy „BeforeClCompile: (identyfikator elementu docelowego: 65)” w pliku „C:\Program Files\Microsoft Visual Studio\18\Insiders\MSBuild\Microsoft\VC\v170\Microsoft.CppBuild.targets” z projektu „C:\Users\kazac\OneDrive\Pulpit\C++-folder\Aplikacja-Bankowa\Rejestracja Bankowa\Rejestracja Bankowa\Rejestracja Bankowa.vcxproj” (zależy od niego element docelowy „_ClCompile”):
07:13:18.328     1>Wykonano kompilowanie elementu docelowego „BeforeClCompile” w projekcie „Rejestracja Bankowa.vcxproj”.: (identyfikator elementu docelowego: 65)
07:13:18.328     1>Element docelowy „GenerateTargetFrameworkMonikerAttribute: (identyfikator elementu docelowego: 66)” w pliku „C:\Program Files\Microsoft Visual Studio\18\Insiders\MSBuild\Microsoft\VC\v170\Microsoft.BuildSteps.Targets” z projektu „C:\Users\kazac\OneDrive\Pulpit\C++-folder\Aplikacja-Bankowa\Rejestracja Bankowa\Rejestracja Bankowa\Rejestracja Bankowa.vcxproj” (zależy od niego element docelowy „_ClCompile”):
07:13:18.329     1>Wykonano kompilowanie elementu docelowego „GenerateTargetFrameworkMonikerAttribute” w projekcie „Rejestracja Bankowa.vcxproj”.: (identyfikator elementu docelowego: 66)
07:13:18.329     1>Element docelowy „ComputeCLInputPDBName: (identyfikator elementu docelowego: 67)” w pliku „C:\Program Files\Microsoft Visual Studio\18\Insiders\MSBuild\Microsoft\VC\v170\Microsoft.CppBuild.targets” z projektu „C:\Users\kazac\OneDrive\Pulpit\C++-folder\Aplikacja-Bankowa\Rejestracja Bankowa\Rejestracja Bankowa\Rejestracja Bankowa.vcxproj” (zależy od niego element docelowy „_ClCompile”):
07:13:18.329     1>Wykonano kompilowanie elementu docelowego „ComputeCLInputPDBName” w projekcie „Rejestracja Bankowa.vcxproj”.: (identyfikator elementu docelowego: 67)
07:13:18.329     1>Element docelowy „FindReferenceAssembliesForReferences: (identyfikator elementu docelowego: 68)” w pliku „C:\Program Files\Microsoft Visual Studio\18\Insiders\MSBuild\Current\Bin\amd64\Microsoft.Common.CurrentVersion.targets” z projektu „C:\Users\kazac\OneDrive\Pulpit\C++-folder\Aplikacja-Bankowa\Rejestracja Bankowa\Rejestracja Bankowa\Rejestracja Bankowa.vcxproj” (zależy od niego element docelowy „ComputeReferenceCLInput”):
07:13:18.330     1>Wykonano kompilowanie elementu docelowego „FindReferenceAssembliesForReferences” w projekcie „Rejestracja Bankowa.vcxproj”.: (identyfikator elementu docelowego: 68)
07:13:18.330     1>Element docelowy „GetReferencedVCProjectsInfo: (identyfikator elementu docelowego: 69)” w pliku „C:\Program Files\Microsoft Visual Studio\18\Insiders\MSBuild\Microsoft\VC\v170\Microsoft.CppBuild.targets” z projektu „C:\Users\kazac\OneDrive\Pulpit\C++-folder\Aplikacja-Bankowa\Rejestracja Bankowa\Rejestracja Bankowa\Rejestracja Bankowa.vcxproj” (zależy od niego element docelowy „ComputeReferenceCLInput”):
07:13:18.330     1>Wykonano kompilowanie elementu docelowego „GetReferencedVCProjectsInfo” w projekcie „Rejestracja Bankowa.vcxproj”.: (identyfikator elementu docelowego: 69)
07:13:18.330     1>Element docelowy „ComputeReferenceCLInput: (identyfikator elementu docelowego: 70)” w pliku „C:\Program Files\Microsoft Visual Studio\18\Insiders\MSBuild\Microsoft\VC\v170\Microsoft.CppBuild.targets” z projektu „C:\Users\kazac\OneDrive\Pulpit\C++-folder\Aplikacja-Bankowa\Rejestracja Bankowa\Rejestracja Bankowa\Rejestracja Bankowa.vcxproj” (zależy od niego element docelowy „_ClCompile”):
07:13:18.370     1>Wykonano kompilowanie elementu docelowego „ComputeReferenceCLInput” w projekcie „Rejestracja Bankowa.vcxproj”.: (identyfikator elementu docelowego: 70)
07:13:18.370     1>Element docelowy „WarnCompileDuplicatedFilename: (identyfikator elementu docelowego: 71)” w pliku „C:\Program Files\Microsoft Visual Studio\18\Insiders\MSBuild\Microsoft\VC\v170\Microsoft.CppBuild.targets” z projektu „C:\Users\kazac\OneDrive\Pulpit\C++-folder\Aplikacja-Bankowa\Rejestracja Bankowa\Rejestracja Bankowa\Rejestracja Bankowa.vcxproj” (zależy od niego element docelowy „_ClCompile”):
07:13:18.370     1>Wykonano kompilowanie elementu docelowego „WarnCompileDuplicatedFilename” w projekcie „Rejestracja Bankowa.vcxproj”.: (identyfikator elementu docelowego: 71)
07:13:18.370     1>Element docelowy „SetCppLanguageStandardCapabilities: (identyfikator elementu docelowego: 72)” w pliku „C:\Program Files\Microsoft Visual Studio\18\Insiders\MSBuild\Microsoft\VC\v170\Microsoft.CppCommon.targets” z projektu „C:\Users\kazac\OneDrive\Pulpit\C++-folder\Aplikacja-Bankowa\Rejestracja Bankowa\Rejestracja Bankowa\Rejestracja Bankowa.vcxproj” (zależy od niego element docelowy „ComputeStdModulesCompileInputs”):
07:13:18.370     1>Wykonano kompilowanie elementu docelowego „SetCppLanguageStandardCapabilities” w projekcie „Rejestracja Bankowa.vcxproj”.: (identyfikator elementu docelowego: 72)
07:13:18.370     1>Element docelowy „ComputeStdModulesCompileInputs: (identyfikator elementu docelowego: 73)” w pliku „C:\Program Files\Microsoft Visual Studio\18\Insiders\MSBuild\Microsoft\VC\v170\Microsoft.CppCommon.targets” z projektu „C:\Users\kazac\OneDrive\Pulpit\C++-folder\Aplikacja-Bankowa\Rejestracja Bankowa\Rejestracja Bankowa\Rejestracja Bankowa.vcxproj” (zależy od niego element docelowy „_ClCompile”):
07:13:18.371     1>Wykonano kompilowanie elementu docelowego „ComputeStdModulesCompileInputs” w projekcie „Rejestracja Bankowa.vcxproj”.: (identyfikator elementu docelowego: 73)
07:13:18.371     1>Element docelowy „FixupCLCompileOptions: (identyfikator elementu docelowego: 74)” w pliku „C:\Program Files\Microsoft Visual Studio\18\Insiders\MSBuild\Microsoft\VC\v170\Microsoft.CppCommon.targets” z projektu „C:\Users\kazac\OneDrive\Pulpit\C++-folder\Aplikacja-Bankowa\Rejestracja Bankowa\Rejestracja Bankowa\Rejestracja Bankowa.vcxproj” (zależy od niego element docelowy „_ClCompile”):
07:13:18.373     1>Wykonano kompilowanie elementu docelowego „FixupCLCompileOptions” w projekcie „Rejestracja Bankowa.vcxproj”.: (identyfikator elementu docelowego: 74)
07:13:18.373     1>Element docelowy „MakeDirsForCl: (identyfikator elementu docelowego: 75)” w pliku „C:\Program Files\Microsoft Visual Studio\18\Insiders\MSBuild\Microsoft\VC\v170\Microsoft.CppBuild.targets” z projektu „C:\Users\kazac\OneDrive\Pulpit\C++-folder\Aplikacja-Bankowa\Rejestracja Bankowa\Rejestracja Bankowa\Rejestracja Bankowa.vcxproj” (zależy od niego element docelowy „_ClCompile”):
                   Zadanie „MakeDir”: (identyfikator zadania: 45)
                   Wykonywanie zadania „MakeDir” zakończone.: (identyfikator zadania: 45)
07:13:18.374     1>Wykonano kompilowanie elementu docelowego „MakeDirsForCl” w projekcie „Rejestracja Bankowa.vcxproj”.: (identyfikator elementu docelowego: 75)
07:13:18.374     1>Element docelowy „SelectClCompile: (identyfikator elementu docelowego: 76)” w pliku „C:\Program Files\Microsoft Visual Studio\18\Insiders\MSBuild\Microsoft\VC\v170\Microsoft.CppBuild.targets” z projektu „C:\Users\kazac\OneDrive\Pulpit\C++-folder\Aplikacja-Bankowa\Rejestracja Bankowa\Rejestracja Bankowa\Rejestracja Bankowa.vcxproj” (zależy od niego element docelowy „ClCompile”):
07:13:18.374     1>Wykonano kompilowanie elementu docelowego „SelectClCompile” w projekcie „Rejestracja Bankowa.vcxproj”.: (identyfikator elementu docelowego: 76)
07:13:18.374     1>Element docelowy „ManagedIncrementalBuildPreProcessDependencyGraph: (identyfikator elementu docelowego: 77)” w pliku „C:\Program Files\Microsoft Visual Studio\18\Insiders\MSBuild\Microsoft\VC\v170\Microsoft.MetaGen.targets” z projektu „C:\Users\kazac\OneDrive\Pulpit\C++-folder\Aplikacja-Bankowa\Rejestracja Bankowa\Rejestracja Bankowa\Rejestracja Bankowa.vcxproj” (zależy od niego element docelowy „ClCompile”):
                   Zadanie „MIBPreProcessDependencyGraph”: (identyfikator zadania: 46)
                   Wykonywanie zadania „MIBPreProcessDependencyGraph” zakończone.: (identyfikator zadania: 46)
07:13:18.390     1>Wykonano kompilowanie elementu docelowego „ManagedIncrementalBuildPreProcessDependencyGraph” w projekcie „Rejestracja Bankowa.vcxproj”.: (identyfikator elementu docelowego: 77)
07:13:18.390     1>Element docelowy „ClCompile: (identyfikator elementu docelowego: 78)” w pliku „C:\Program Files\Microsoft Visual Studio\18\Insiders\MSBuild\Microsoft\VC\v170\Microsoft.CppCommon.targets” z projektu „C:\Users\kazac\OneDrive\Pulpit\C++-folder\Aplikacja-Bankowa\Rejestracja Bankowa\Rejestracja Bankowa\Rejestracja Bankowa.vcxproj” (zależy od niego element docelowy „_ClCompile”):
                   Zadanie „Delete”: (identyfikator zadania: 47)
                   Wykonywanie zadania „Delete” zakończone.: (identyfikator zadania: 47)
                   Zadanie „CL”: (identyfikator zadania: 48)
                     C:\Program Files\Microsoft Visual Studio\18\Insiders\VC\Tools\MSVC\14.44.35207\bin\HostX64\x64\CL.exe /c /AI"C:\Program Files (x86)\Reference Assemblies\Microsoft\Framework\.NETFramework\v4.7.2\\" /AI"C:\Program Files (x86)\Windows Kits\10\References" /AI"C:\Program Files (x86)\Reference Assemblies\Microsoft\Framework\.NETFramework\v4.7.2\Facades\\" /Zi /clr /nologo /W3 /WX- /diagnostics:column /Od /D _DEBUG /D _UNICODE /D UNICODE /EHa /MDd /GS /fp:precise /Zc:wchar_t /Zc:forScope /Zc:inline /Fo"C:\Users\kazac\OneDrive\Pulpit\C++-folder\Aplikacja-Bankowa\Rejestracja Bankowa\Rejestracja Bankowa\build\Debug\x64\\" /Fd"C:\Users\kazac\OneDrive\Pulpit\C++-folder\Aplikacja-Bankowa\Rejestracja Bankowa\Rejestracja Bankowa\build\Debug\x64\vc143.pdb" /external:W3 /TP /FU"C:\Program Files (x86)\Reference Assemblies\Microsoft\Framework\.NETFramework\v4.7.2\mscorlib.dll" /FU"C:\Program Files (x86)\Reference Assemblies\Microsoft\Framework\.NETFramework\v4.7.2\System.Data.DataSetExtensions.dll" /FU"C:\Program Files (x86)\Reference Assemblies\Microsoft\Framework\.NETFramework\v4.7.2\System.Data.dll" /FU"C:\Program Files (x86)\Reference Assemblies\Microsoft\Framework\.NETFramework\v4.7.2\System.Data.Services.Client.dll" /FU"C:\Program Files (x86)\Reference Assemblies\Microsoft\Framework\.NETFramework\v4.7.2\System.dll" /FU"C:\Program Files (x86)\Reference Assemblies\Microsoft\Framework\.NETFramework\v4.7.2\System.Drawing.dll" /FU"C:\Program Files (x86)\Reference Assemblies\Microsoft\Framework\.NETFramework\v4.7.2\System.Windows.Forms.DataVisualization.dll" /FU"C:\Program Files (x86)\Reference Assemblies\Microsoft\Framework\.NETFramework\v4.7.2\System.Windows.Forms.dll" /FU"C:\Program Files (x86)\Reference Assemblies\Microsoft\Framework\.NETFramework\v4.7.2\System.Xml.dll" /FC /errorReport:prompt /clr:nostdlib Logowanie.cpp Nawigacja.cpp Rejestracja.cpp Rejestracja1.cpp "C:\Users\kazac\OneDrive\Pulpit\C++-folder\Aplikacja-Bankowa\Rejestracja Bankowa\Rejestracja Bankowa\build\Debug\x64\.NETFramework,Version=v4.7.2.AssemblyAttributes.cpp": (identyfikator zadania: 48)
                     Logowanie.cpp: (identyfikator zadania: 48)
07:13:19.781     1>C:\Users\kazac\OneDrive\Pulpit\C++-folder\Aplikacja-Bankowa\Rejestracja Bankowa\Rejestracja Bankowa\Rejestracja.h(2683,24): warning C4101: "ex": lokalna zmienna, do której nie istnieje odwołanie
                     (kompilowanie pliku źródłowego „Logowanie.cpp”)
                     : (identyfikator zadania: 48)
07:13:19.788     1>C:\Users\kazac\OneDrive\Pulpit\C++-folder\Aplikacja-Bankowa\Rejestracja Bankowa\Rejestracja Bankowa\Rejestracja.h(2702,23): warning C4101: "ex": lokalna zmienna, do której nie istnieje odwołanie
                     (kompilowanie pliku źródłowego „Logowanie.cpp”)
                     : (identyfikator zadania: 48)
07:13:19.788     1>C:\Users\kazac\OneDrive\Pulpit\C++-folder\Aplikacja-Bankowa\Rejestracja Bankowa\Rejestracja Bankowa\Rejestracja.h(2713,23): warning C4101: "ex": lokalna zmienna, do której nie istnieje odwołanie
                     (kompilowanie pliku źródłowego „Logowanie.cpp”)
                     : (identyfikator zadania: 48)
07:13:19.788     1>C:\Users\kazac\OneDrive\Pulpit\C++-folder\Aplikacja-Bankowa\Rejestracja Bankowa\Rejestracja Bankowa\Rejestracja.h(2730,23): warning C4101: "ex": lokalna zmienna, do której nie istnieje odwołanie
                     (kompilowanie pliku źródłowego „Logowanie.cpp”)
                     : (identyfikator zadania: 48)
07:13:19.788     1>C:\Users\kazac\OneDrive\Pulpit\C++-folder\Aplikacja-Bankowa\Rejestracja Bankowa\Rejestracja Bankowa\Rejestracja.h(2757,23): warning C4101: "ex": lokalna zmienna, do której nie istnieje odwołanie
                     (kompilowanie pliku źródłowego „Logowanie.cpp”)
                     : (identyfikator zadania: 48)
07:13:19.788     1>C:\Users\kazac\OneDrive\Pulpit\C++-folder\Aplikacja-Bankowa\Rejestracja Bankowa\Rejestracja Bankowa\Rejestracja.h(2780,24): warning C4101: "ex": lokalna zmienna, do której nie istnieje odwołanie
                     (kompilowanie pliku źródłowego „Logowanie.cpp”)
                     : (identyfikator zadania: 48)
07:13:19.788     1>C:\Users\kazac\OneDrive\Pulpit\C++-folder\Aplikacja-Bankowa\Rejestracja Bankowa\Rejestracja Bankowa\Rejestracja.h(2827,23): warning C4101: "ex": lokalna zmienna, do której nie istnieje odwołanie
                     (kompilowanie pliku źródłowego „Logowanie.cpp”)
                     : (identyfikator zadania: 48)
07:13:19.788     1>C:\Users\kazac\OneDrive\Pulpit\C++-folder\Aplikacja-Bankowa\Rejestracja Bankowa\Rejestracja Bankowa\Rejestracja.h(2861,23): warning C4101: "ex": lokalna zmienna, do której nie istnieje odwołanie
                     (kompilowanie pliku źródłowego „Logowanie.cpp”)
                     : (identyfikator zadania: 48)
07:13:19.788     1>C:\Users\kazac\OneDrive\Pulpit\C++-folder\Aplikacja-Bankowa\Rejestracja Bankowa\Rejestracja Bankowa\Rejestracja.h(2892,23): warning C4101: "ex": lokalna zmienna, do której nie istnieje odwołanie
                     (kompilowanie pliku źródłowego „Logowanie.cpp”)
                     : (identyfikator zadania: 48)
07:13:19.788     1>C:\Users\kazac\OneDrive\Pulpit\C++-folder\Aplikacja-Bankowa\Rejestracja Bankowa\Rejestracja Bankowa\Rejestracja.h(2912,23): warning C4101: "ex": lokalna zmienna, do której nie istnieje odwołanie
                     (kompilowanie pliku źródłowego „Logowanie.cpp”)
                     : (identyfikator zadania: 48)
07:13:19.788     1>C:\Users\kazac\OneDrive\Pulpit\C++-folder\Aplikacja-Bankowa\Rejestracja Bankowa\Rejestracja Bankowa\Rejestracja.h(2927,23): warning C4101: "ex": lokalna zmienna, do której nie istnieje odwołanie
                     (kompilowanie pliku źródłowego „Logowanie.cpp”)
                     : (identyfikator zadania: 48)
07:13:19.842     1>C:\Users\kazac\OneDrive\Pulpit\C++-folder\Aplikacja-Bankowa\Rejestracja Bankowa\Rejestracja Bankowa\Logowanie.h(538,14): warning C4804: ">=": niebezpieczne użycie typu "bool" w operacji
                     (kompilowanie pliku źródłowego „Logowanie.cpp”)
                     : (identyfikator zadania: 48)
                     Nawigacja.cpp: (identyfikator zadania: 48)
07:13:20.803     1>C:\Users\kazac\OneDrive\Pulpit\C++-folder\Aplikacja-Bankowa\Rejestracja Bankowa\Rejestracja Bankowa\Rejestracja.h(2683,24): warning C4101: "ex": lokalna zmienna, do której nie istnieje odwołanie
                     (kompilowanie pliku źródłowego „Nawigacja.cpp”)
                     : (identyfikator zadania: 48)
07:13:20.804     1>C:\Users\kazac\OneDrive\Pulpit\C++-folder\Aplikacja-Bankowa\Rejestracja Bankowa\Rejestracja Bankowa\Rejestracja.h(2702,23): warning C4101: "ex": lokalna zmienna, do której nie istnieje odwołanie
                     (kompilowanie pliku źródłowego „Nawigacja.cpp”)
                     : (identyfikator zadania: 48)
07:13:20.804     1>C:\Users\kazac\OneDrive\Pulpit\C++-folder\Aplikacja-Bankowa\Rejestracja Bankowa\Rejestracja Bankowa\Rejestracja.h(2713,23): warning C4101: "ex": lokalna zmienna, do której nie istnieje odwołanie
                     (kompilowanie pliku źródłowego „Nawigacja.cpp”)
                     : (identyfikator zadania: 48)
07:13:20.804     1>C:\Users\kazac\OneDrive\Pulpit\C++-folder\Aplikacja-Bankowa\Rejestracja Bankowa\Rejestracja Bankowa\Rejestracja.h(2730,23): warning C4101: "ex": lokalna zmienna, do której nie istnieje odwołanie
                     (kompilowanie pliku źródłowego „Nawigacja.cpp”)
                     : (identyfikator zadania: 48)
07:13:20.804     1>C:\Users\kazac\OneDrive\Pulpit\C++-folder\Aplikacja-Bankowa\Rejestracja Bankowa\Rejestracja Bankowa\Rejestracja.h(2757,23): warning C4101: "ex": lokalna zmienna, do której nie istnieje odwołanie
                     (kompilowanie pliku źródłowego „Nawigacja.cpp”)
                     : (identyfikator zadania: 48)
07:13:20.804     1>C:\Users\kazac\OneDrive\Pulpit\C++-folder\Aplikacja-Bankowa\Rejestracja Bankowa\Rejestracja Bankowa\Rejestracja.h(2780,24): warning C4101: "ex": lokalna zmienna, do której nie istnieje odwołanie
                     (kompilowanie pliku źródłowego „Nawigacja.cpp”)
                     : (identyfikator zadania: 48)
07:13:20.804     1>C:\Users\kazac\OneDrive\Pulpit\C++-folder\Aplikacja-Bankowa\Rejestracja Bankowa\Rejestracja Bankowa\Rejestracja.h(2827,23): warning C4101: "ex": lokalna zmienna, do której nie istnieje odwołanie
                     (kompilowanie pliku źródłowego „Nawigacja.cpp”)
                     : (identyfikator zadania: 48)
07:13:20.804     1>C:\Users\kazac\OneDrive\Pulpit\C++-folder\Aplikacja-Bankowa\Rejestracja Bankowa\Rejestracja Bankowa\Rejestracja.h(2861,23): warning C4101: "ex": lokalna zmienna, do której nie istnieje odwołanie
                     (kompilowanie pliku źródłowego „Nawigacja.cpp”)
                     : (identyfikator zadania: 48)
07:13:20.849     1>C:\Users\kazac\OneDrive\Pulpit\C++-folder\Aplikacja-Bankowa\Rejestracja Bankowa\Rejestracja Bankowa\Rejestracja.h(2892,23): warning C4101: "ex": lokalna zmienna, do której nie istnieje odwołanie
                     (kompilowanie pliku źródłowego „Nawigacja.cpp”)
                     : (identyfikator zadania: 48)
07:13:20.849     1>C:\Users\kazac\OneDrive\Pulpit\C++-folder\Aplikacja-Bankowa\Rejestracja Bankowa\Rejestracja Bankowa\Rejestracja.h(2912,23): warning C4101: "ex": lokalna zmienna, do której nie istnieje odwołanie
                     (kompilowanie pliku źródłowego „Nawigacja.cpp”)
                     : (identyfikator zadania: 48)
07:13:20.849     1>C:\Users\kazac\OneDrive\Pulpit\C++-folder\Aplikacja-Bankowa\Rejestracja Bankowa\Rejestracja Bankowa\Rejestracja.h(2927,23): warning C4101: "ex": lokalna zmienna, do której nie istnieje odwołanie
                     (kompilowanie pliku źródłowego „Nawigacja.cpp”)
                     : (identyfikator zadania: 48)
07:13:20.910     1>C:\Users\kazac\OneDrive\Pulpit\C++-folder\Aplikacja-Bankowa\Rejestracja Bankowa\Rejestracja Bankowa\Logowanie.h(538,14): warning C4804: ">=": niebezpieczne użycie typu "bool" w operacji
                     (kompilowanie pliku źródłowego „Nawigacja.cpp”)
                     : (identyfikator zadania: 48)
                     Rejestracja.cpp: (identyfikator zadania: 48)
07:13:21.785     1>C:\Users\kazac\OneDrive\Pulpit\C++-folder\Aplikacja-Bankowa\Rejestracja Bankowa\Rejestracja Bankowa\Rejestracja.h(2683,24): warning C4101: "ex": lokalna zmienna, do której nie istnieje odwołanie
                     (kompilowanie pliku źródłowego „Rejestracja.cpp”)
                     : (identyfikator zadania: 48)
07:13:21.786     1>C:\Users\kazac\OneDrive\Pulpit\C++-folder\Aplikacja-Bankowa\Rejestracja Bankowa\Rejestracja Bankowa\Rejestracja.h(2702,23): warning C4101: "ex": lokalna zmienna, do której nie istnieje odwołanie
                     (kompilowanie pliku źródłowego „Rejestracja.cpp”)
                     : (identyfikator zadania: 48)
07:13:21.786     1>C:\Users\kazac\OneDrive\Pulpit\C++-folder\Aplikacja-Bankowa\Rejestracja Bankowa\Rejestracja Bankowa\Rejestracja.h(2713,23): warning C4101: "ex": lokalna zmienna, do której nie istnieje odwołanie
                     (kompilowanie pliku źródłowego „Rejestracja.cpp”)
                     : (identyfikator zadania: 48)
07:13:21.786     1>C:\Users\kazac\OneDrive\Pulpit\C++-folder\Aplikacja-Bankowa\Rejestracja Bankowa\Rejestracja Bankowa\Rejestracja.h(2730,23): warning C4101: "ex": lokalna zmienna, do której nie istnieje odwołanie
                     (kompilowanie pliku źródłowego „Rejestracja.cpp”)
                     : (identyfikator zadania: 48)
07:13:21.786     1>C:\Users\kazac\OneDrive\Pulpit\C++-folder\Aplikacja-Bankowa\Rejestracja Bankowa\Rejestracja Bankowa\Rejestracja.h(2757,23): warning C4101: "ex": lokalna zmienna, do której nie istnieje odwołanie
                     (kompilowanie pliku źródłowego „Rejestracja.cpp”)
                     : (identyfikator zadania: 48)
07:13:21.786     1>C:\Users\kazac\OneDrive\Pulpit\C++-folder\Aplikacja-Bankowa\Rejestracja Bankowa\Rejestracja Bankowa\Rejestracja.h(2780,24): warning C4101: "ex": lokalna zmienna, do której nie istnieje odwołanie
                     (kompilowanie pliku źródłowego „Rejestracja.cpp”)
                     : (identyfikator zadania: 48)
07:13:21.786     1>C:\Users\kazac\OneDrive\Pulpit\C++-folder\Aplikacja-Bankowa\Rejestracja Bankowa\Rejestracja Bankowa\Rejestracja.h(2827,23): warning C4101: "ex": lokalna zmienna, do której nie istnieje odwołanie
                     (kompilowanie pliku źródłowego „Rejestracja.cpp”)
                     : (identyfikator zadania: 48)
07:13:21.786     1>C:\Users\kazac\OneDrive\Pulpit\C++-folder\Aplikacja-Bankowa\Rejestracja Bankowa\Rejestracja Bankowa\Rejestracja.h(2861,23): warning C4101: "ex": lokalna zmienna, do której nie istnieje odwołanie
                     (kompilowanie pliku źródłowego „Rejestracja.cpp”)
                     : (identyfikator zadania: 48)
07:13:21.786     1>C:\Users\kazac\OneDrive\Pulpit\C++-folder\Aplikacja-Bankowa\Rejestracja Bankowa\Rejestracja Bankowa\Rejestracja.h(2892,23): warning C4101: "ex": lokalna zmienna, do której nie istnieje odwołanie
                     (kompilowanie pliku źródłowego „Rejestracja.cpp”)
                     : (identyfikator zadania: 48)
07:13:21.786     1>C:\Users\kazac\OneDrive\Pulpit\C++-folder\Aplikacja-Bankowa\Rejestracja Bankowa\Rejestracja Bankowa\Rejestracja.h(2912,23): warning C4101: "ex": lokalna zmienna, do której nie istnieje odwołanie
                     (kompilowanie pliku źródłowego „Rejestracja.cpp”)
                     : (identyfikator zadania: 48)
07:13:21.786     1>C:\Users\kazac\OneDrive\Pulpit\C++-folder\Aplikacja-Bankowa\Rejestracja Bankowa\Rejestracja Bankowa\Rejestracja.h(2927,23): warning C4101: "ex": lokalna zmienna, do której nie istnieje odwołanie
                     (kompilowanie pliku źródłowego „Rejestracja.cpp”)
                     : (identyfikator zadania: 48)
                     Rejestracja1.cpp: (identyfikator zadania: 48)
07:13:22.696     1>C:\Users\kazac\OneDrive\Pulpit\C++-folder\Aplikacja-Bankowa\Rejestracja Bankowa\Rejestracja Bankowa\Rejestracja.h(2683,24): warning C4101: "ex": lokalna zmienna, do której nie istnieje odwołanie
                     (kompilowanie pliku źródłowego „Rejestracja1.cpp”)
                     : (identyfikator zadania: 48)
07:13:22.696     1>C:\Users\kazac\OneDrive\Pulpit\C++-folder\Aplikacja-Bankowa\Rejestracja Bankowa\Rejestracja Bankowa\Rejestracja.h(2702,23): warning C4101: "ex": lokalna zmienna, do której nie istnieje odwołanie
                     (kompilowanie pliku źródłowego „Rejestracja1.cpp”)
                     : (identyfikator zadania: 48)
07:13:22.696     1>C:\Users\kazac\OneDrive\Pulpit\C++-folder\Aplikacja-Bankowa\Rejestracja Bankowa\Rejestracja Bankowa\Rejestracja.h(2713,23): warning C4101: "ex": lokalna zmienna, do której nie istnieje odwołanie
                     (kompilowanie pliku źródłowego „Rejestracja1.cpp”)
                     : (identyfikator zadania: 48)
07:13:22.696     1>C:\Users\kazac\OneDrive\Pulpit\C++-folder\Aplikacja-Bankowa\Rejestracja Bankowa\Rejestracja Bankowa\Rejestracja.h(2730,23): warning C4101: "ex": lokalna zmienna, do której nie istnieje odwołanie
                     (kompilowanie pliku źródłowego „Rejestracja1.cpp”)
                     : (identyfikator zadania: 48)
07:13:22.696     1>C:\Users\kazac\OneDrive\Pulpit\C++-folder\Aplikacja-Bankowa\Rejestracja Bankowa\Rejestracja Bankowa\Rejestracja.h(2757,23): warning C4101: "ex": lokalna zmienna, do której nie istnieje odwołanie
                     (kompilowanie pliku źródłowego „Rejestracja1.cpp”)
                     : (identyfikator zadania: 48)
07:13:22.696     1>C:\Users\kazac\OneDrive\Pulpit\C++-folder\Aplikacja-Bankowa\Rejestracja Bankowa\Rejestracja Bankowa\Rejestracja.h(2780,24): warning C4101: "ex": lokalna zmienna, do której nie istnieje odwołanie
                     (kompilowanie pliku źródłowego „Rejestracja1.cpp”)
                     : (identyfikator zadania: 48)
07:13:22.696     1>C:\Users\kazac\OneDrive\Pulpit\C++-folder\Aplikacja-Bankowa\Rejestracja Bankowa\Rejestracja Bankowa\Rejestracja.h(2827,23): warning C4101: "ex": lokalna zmienna, do której nie istnieje odwołanie
                     (kompilowanie pliku źródłowego „Rejestracja1.cpp”)
                     : (identyfikator zadania: 48)
07:13:22.696     1>C:\Users\kazac\OneDrive\Pulpit\C++-folder\Aplikacja-Bankowa\Rejestracja Bankowa\Rejestracja Bankowa\Rejestracja.h(2861,23): warning C4101: "ex": lokalna zmienna, do której nie istnieje odwołanie
                     (kompilowanie pliku źródłowego „Rejestracja1.cpp”)
                     : (identyfikator zadania: 48)
07:13:22.696     1>C:\Users\kazac\OneDrive\Pulpit\C++-folder\Aplikacja-Bankowa\Rejestracja Bankowa\Rejestracja Bankowa\Rejestracja.h(2892,23): warning C4101: "ex": lokalna zmienna, do której nie istnieje odwołanie
                     (kompilowanie pliku źródłowego „Rejestracja1.cpp”)
                     : (identyfikator zadania: 48)
07:13:22.696     1>C:\Users\kazac\OneDrive\Pulpit\C++-folder\Aplikacja-Bankowa\Rejestracja Bankowa\Rejestracja Bankowa\Rejestracja.h(2912,23): warning C4101: "ex": lokalna zmienna, do której nie istnieje odwołanie
                     (kompilowanie pliku źródłowego „Rejestracja1.cpp”)
                     : (identyfikator zadania: 48)
07:13:22.696     1>C:\Users\kazac\OneDrive\Pulpit\C++-folder\Aplikacja-Bankowa\Rejestracja Bankowa\Rejestracja Bankowa\Rejestracja.h(2927,23): warning C4101: "ex": lokalna zmienna, do której nie istnieje odwołanie
                     (kompilowanie pliku źródłowego „Rejestracja1.cpp”)
                     : (identyfikator zadania: 48)
07:13:22.778     1>C:\Users\kazac\OneDrive\Pulpit\C++-folder\Aplikacja-Bankowa\Rejestracja Bankowa\Rejestracja Bankowa\Logowanie.h(538,14): warning C4804: ">=": niebezpieczne użycie typu "bool" w operacji
                     (kompilowanie pliku źródłowego „Rejestracja1.cpp”)
                     : (identyfikator zadania: 48)
                     .NETFramework,Version=v4.7.2.AssemblyAttributes.cpp: (identyfikator zadania: 48)
                     Generowanie kodu...: (identyfikator zadania: 48)
07:13:23.332     1>C:\Users\kazac\OneDrive\Pulpit\C++-folder\Aplikacja-Bankowa\Rejestracja Bankowa\Rejestracja Bankowa\Rejestracja.h(3000,1): warning C4715: "RejestracjaBankowa::Rejestracja::ŁadowanieBazy1”: niewszystkie ścieżki kodu zwracają wartość
07:13:23.333     1>C:\Users\kazac\OneDrive\Pulpit\C++-folder\Aplikacja-Bankowa\Rejestracja Bankowa\Rejestracja Bankowa\Rejestracja.h(3083,1): warning C4715: "RejestracjaBankowa::Rejestracja::ŁadowanieBazy2”: niewszystkie ścieżki kodu zwracają wartość
07:13:23.493     1>C:\Users\kazac\OneDrive\Pulpit\C++-folder\Aplikacja-Bankowa\Rejestracja Bankowa\Rejestracja Bankowa\Rejestracja.h(3000,1): warning C4715: "RejestracjaBankowa::Rejestracja::ŁadowanieBazy1”: niewszystkie ścieżki kodu zwracają wartość
07:13:23.496     1>C:\Users\kazac\OneDrive\Pulpit\C++-folder\Aplikacja-Bankowa\Rejestracja Bankowa\Rejestracja Bankowa\Rejestracja.h(3083,1): warning C4715: "RejestracjaBankowa::Rejestracja::ŁadowanieBazy2”: niewszystkie ścieżki kodu zwracają wartość
07:13:23.645     1>C:\Users\kazac\OneDrive\Pulpit\C++-folder\Aplikacja-Bankowa\Rejestracja Bankowa\Rejestracja Bankowa\Rejestracja.h(3000,1): warning C4715: "RejestracjaBankowa::Rejestracja::ŁadowanieBazy1”: niewszystkie ścieżki kodu zwracają wartość
07:13:23.646     1>C:\Users\kazac\OneDrive\Pulpit\C++-folder\Aplikacja-Bankowa\Rejestracja Bankowa\Rejestracja Bankowa\Rejestracja.h(3083,1): warning C4715: "RejestracjaBankowa::Rejestracja::ŁadowanieBazy2”: niewszystkie ścieżki kodu zwracają wartość
07:13:23.812     1>C:\Users\kazac\OneDrive\Pulpit\C++-folder\Aplikacja-Bankowa\Rejestracja Bankowa\Rejestracja Bankowa\Rejestracja.h(3000,1): warning C4715: "RejestracjaBankowa::Rejestracja::ŁadowanieBazy1”: niewszystkie ścieżki kodu zwracają wartość
07:13:23.813     1>C:\Users\kazac\OneDrive\Pulpit\C++-folder\Aplikacja-Bankowa\Rejestracja Bankowa\Rejestracja Bankowa\Rejestracja.h(3083,1): warning C4715: "RejestracjaBankowa::Rejestracja::ŁadowanieBazy2”: niewszystkie ścieżki kodu zwracają wartość
                   Wykonywanie zadania „CL” zakończone.: (identyfikator zadania: 48)
07:13:24.250     1>Wykonano kompilowanie elementu docelowego „ClCompile” w projekcie „Rejestracja Bankowa.vcxproj”.: (identyfikator elementu docelowego: 78)
07:13:24.250     1>Element docelowy „ManagedIncrementalBuildPostProcessDependencyGraph: (identyfikator elementu docelowego: 79)” w pliku „C:\Program Files\Microsoft Visual Studio\18\Insiders\MSBuild\Microsoft\VC\v170\Microsoft.MetaGen.targets” z projektu „C:\Users\kazac\OneDrive\Pulpit\C++-folder\Aplikacja-Bankowa\Rejestracja Bankowa\Rejestracja Bankowa\Rejestracja Bankowa.vcxproj” (zależy od niego element docelowy „_ClCompile”):
                   Zadanie „MIBPostProcessDependencyGraph”: (identyfikator zadania: 49)
                   Wykonywanie zadania „MIBPostProcessDependencyGraph” zakończone.: (identyfikator zadania: 49)
07:13:24.277     1>Wykonano kompilowanie elementu docelowego „ManagedIncrementalBuildPostProcessDependencyGraph” w projekcie „Rejestracja Bankowa.vcxproj”.: (identyfikator elementu docelowego: 79)
07:13:24.277     1>Element docelowy „AfterClCompile: (identyfikator elementu docelowego: 80)” w pliku „C:\Program Files\Microsoft Visual Studio\18\Insiders\MSBuild\Microsoft\VC\v170\Microsoft.CppBuild.targets” z projektu „C:\Users\kazac\OneDrive\Pulpit\C++-folder\Aplikacja-Bankowa\Rejestracja Bankowa\Rejestracja Bankowa\Rejestracja Bankowa.vcxproj” (zależy od niego element docelowy „_ClCompile”):
07:13:24.277     1>Wykonano kompilowanie elementu docelowego „AfterClCompile” w projekcie „Rejestracja Bankowa.vcxproj”.: (identyfikator elementu docelowego: 80)
07:13:24.277     1>Element docelowy „_ClCompile: (identyfikator elementu docelowego: 81)” w pliku „C:\Program Files\Microsoft Visual Studio\18\Insiders\MSBuild\Microsoft\VC\v170\Microsoft.CppBuild.targets” z projektu „C:\Users\kazac\OneDrive\Pulpit\C++-folder\Aplikacja-Bankowa\Rejestracja Bankowa\Rejestracja Bankowa\Rejestracja Bankowa.vcxproj” (zależy od niego element docelowy „_BuildCompileAction”):
07:13:24.277     1>Wykonano kompilowanie elementu docelowego „_ClCompile” w projekcie „Rejestracja Bankowa.vcxproj”.: (identyfikator elementu docelowego: 81)
07:13:24.277     1>Element docelowy „AssignTargetPaths: (identyfikator elementu docelowego: 82)” w pliku „C:\Program Files\Microsoft Visual Studio\18\Insiders\MSBuild\Current\Bin\amd64\Microsoft.Common.CurrentVersion.targets” z projektu „C:\Users\kazac\OneDrive\Pulpit\C++-folder\Aplikacja-Bankowa\Rejestracja Bankowa\Rejestracja Bankowa\Rejestracja Bankowa.vcxproj” (zależy od niego element docelowy „SplitResourcesByCulture”):
                   Zadanie „AssignTargetPath”: (identyfikator zadania: 50)
                   Wykonywanie zadania „AssignTargetPath” zakończone.: (identyfikator zadania: 50)
                   Zadanie „AssignTargetPath”: (identyfikator zadania: 51)
                   Wykonywanie zadania „AssignTargetPath” zakończone.: (identyfikator zadania: 51)
                   Zadanie „AssignTargetPath”: (identyfikator zadania: 52)
                   Wykonywanie zadania „AssignTargetPath” zakończone.: (identyfikator zadania: 52)
                   Zadanie „AssignTargetPath”: (identyfikator zadania: 53)
                   Wykonywanie zadania „AssignTargetPath” zakończone.: (identyfikator zadania: 53)
07:13:24.280     1>Wykonano kompilowanie elementu docelowego „AssignTargetPaths” w projekcie „Rejestracja Bankowa.vcxproj”.: (identyfikator elementu docelowego: 82)
07:13:24.280     1>Element docelowy „SplitResourcesByCulture: (identyfikator elementu docelowego: 83)” w pliku „C:\Program Files\Microsoft Visual Studio\18\Insiders\MSBuild\Current\Bin\amd64\Microsoft.Common.CurrentVersion.targets” z projektu „C:\Users\kazac\OneDrive\Pulpit\C++-folder\Aplikacja-Bankowa\Rejestracja Bankowa\Rejestracja Bankowa\Rejestracja Bankowa.vcxproj” (zależy od niego element docelowy „ResGen”):
                   Zadanie „AssignCulture”: (identyfikator zadania: 54)
                   Wykonywanie zadania „AssignCulture” zakończone.: (identyfikator zadania: 54)
07:13:24.281     1>Wykonano kompilowanie elementu docelowego „SplitResourcesByCulture” w projekcie „Rejestracja Bankowa.vcxproj”.: (identyfikator elementu docelowego: 83)
07:13:24.281     1>Element docelowy „CreateManifestResourceNames: (identyfikator elementu docelowego: 84)” w pliku „C:\Program Files\Microsoft Visual Studio\18\Insiders\MSBuild\Microsoft\VC\v170\Microsoft.CppCommon.targets” z projektu „C:\Users\kazac\OneDrive\Pulpit\C++-folder\Aplikacja-Bankowa\Rejestracja Bankowa\Rejestracja Bankowa\Rejestracja Bankowa.vcxproj” (zależy od niego element docelowy „BeforeResGen”):
                   Zadanie „CreateCSharpManifestResourceName”: (identyfikator zadania: 55)
                   Wykonywanie zadania „CreateCSharpManifestResourceName” zakończone.: (identyfikator zadania: 55)
                   Zadanie „GetOutOfDateItems”: (identyfikator zadania: 56)
                   Wykonywanie zadania „GetOutOfDateItems” zakończone.: (identyfikator zadania: 56)
07:13:24.301     1>Wykonano kompilowanie elementu docelowego „CreateManifestResourceNames” w projekcie „Rejestracja Bankowa.vcxproj”.: (identyfikator elementu docelowego: 84)
07:13:24.301     1>Element docelowy „BeforeResGen: (identyfikator elementu docelowego: 85)” w pliku „C:\Program Files\Microsoft Visual Studio\18\Insiders\MSBuild\Microsoft\VC\v170\Microsoft.CppCommon.targets” z projektu „C:\Users\kazac\OneDrive\Pulpit\C++-folder\Aplikacja-Bankowa\Rejestracja Bankowa\Rejestracja Bankowa\Rejestracja Bankowa.vcxproj” (zależy od niego element docelowy „ResGen”):
07:13:24.301     1>Wykonano kompilowanie elementu docelowego „BeforeResGen” w projekcie „Rejestracja Bankowa.vcxproj”.: (identyfikator elementu docelowego: 85)
07:13:24.302     1>Element docelowy „CoreResGen: (identyfikator elementu docelowego: 86)” w pliku „C:\Program Files\Microsoft Visual Studio\18\Insiders\MSBuild\Current\Bin\amd64\Microsoft.Common.CurrentVersion.targets” z projektu „C:\Users\kazac\OneDrive\Pulpit\C++-folder\Aplikacja-Bankowa\Rejestracja Bankowa\Rejestracja Bankowa\Rejestracja Bankowa.vcxproj” (zależy od niego element docelowy „ResGen”):
                   Zadanie „GenerateResource”: (identyfikator zadania: 57)
                   Wykonywanie zadania „GenerateResource” zakończone.: (identyfikator zadania: 57)
07:13:24.850     1>Wykonano kompilowanie elementu docelowego „CoreResGen” w projekcie „Rejestracja Bankowa.vcxproj”.: (identyfikator elementu docelowego: 86)
07:13:24.850     1>Element docelowy „AfterResGen: (identyfikator elementu docelowego: 87)” w pliku „C:\Program Files\Microsoft Visual Studio\18\Insiders\MSBuild\Current\Bin\amd64\Microsoft.Common.CurrentVersion.targets” z projektu „C:\Users\kazac\OneDrive\Pulpit\C++-folder\Aplikacja-Bankowa\Rejestracja Bankowa\Rejestracja Bankowa\Rejestracja Bankowa.vcxproj” (zależy od niego element docelowy „ResGen”):
07:13:24.850     1>Wykonano kompilowanie elementu docelowego „AfterResGen” w projekcie „Rejestracja Bankowa.vcxproj”.: (identyfikator elementu docelowego: 87)
07:13:24.850     1>Element docelowy „ResGen: (identyfikator elementu docelowego: 88)” w pliku „C:\Program Files\Microsoft Visual Studio\18\Insiders\MSBuild\Microsoft\VC\v170\Microsoft.CppCommon.targets” z projektu „C:\Users\kazac\OneDrive\Pulpit\C++-folder\Aplikacja-Bankowa\Rejestracja Bankowa\Rejestracja Bankowa\Rejestracja Bankowa.vcxproj” (zależy od niego element docelowy „_ResGen”):
07:13:24.850     1>Wykonano kompilowanie elementu docelowego „ResGen” w projekcie „Rejestracja Bankowa.vcxproj”.: (identyfikator elementu docelowego: 88)
07:13:24.850     1>Element docelowy „_ResGen: (identyfikator elementu docelowego: 89)” w pliku „C:\Program Files\Microsoft Visual Studio\18\Insiders\MSBuild\Microsoft\VC\v170\Microsoft.CppCommon.targets” z projektu „C:\Users\kazac\OneDrive\Pulpit\C++-folder\Aplikacja-Bankowa\Rejestracja Bankowa\Rejestracja Bankowa\Rejestracja Bankowa.vcxproj” (zależy od niego element docelowy „_BuildCompileAction”):
07:13:24.850     1>Wykonano kompilowanie elementu docelowego „_ResGen” w projekcie „Rejestracja Bankowa.vcxproj”.: (identyfikator elementu docelowego: 89)
07:13:24.850     1>Element docelowy „BeforeResourceCompile: (identyfikator elementu docelowego: 90)” w pliku „C:\Program Files\Microsoft Visual Studio\18\Insiders\MSBuild\Microsoft\VC\v170\Microsoft.CppBuild.targets” z projektu „C:\Users\kazac\OneDrive\Pulpit\C++-folder\Aplikacja-Bankowa\Rejestracja Bankowa\Rejestracja Bankowa\Rejestracja Bankowa.vcxproj” (zależy od niego element docelowy „_ResourceCompile”):
07:13:24.850     1>Wykonano kompilowanie elementu docelowego „BeforeResourceCompile” w projekcie „Rejestracja Bankowa.vcxproj”.: (identyfikator elementu docelowego: 90)
07:13:24.850     1>Element docelowy „MakeDirsForResourceCompile: (identyfikator elementu docelowego: 91)” w pliku „C:\Program Files\Microsoft Visual Studio\18\Insiders\MSBuild\Microsoft\VC\v170\Microsoft.CppBuild.targets” z projektu „C:\Users\kazac\OneDrive\Pulpit\C++-folder\Aplikacja-Bankowa\Rejestracja Bankowa\Rejestracja Bankowa\Rejestracja Bankowa.vcxproj” (zależy od niego element docelowy „_ResourceCompile”):
                   Zadanie „MakeDir”: (identyfikator zadania: 58)
                   Wykonywanie zadania „MakeDir” zakończone.: (identyfikator zadania: 58)
07:13:24.851     1>Wykonano kompilowanie elementu docelowego „MakeDirsForResourceCompile” w projekcie „Rejestracja Bankowa.vcxproj”.: (identyfikator elementu docelowego: 91)
07:13:24.852     1>Element docelowy „SelectResourceCompile: (identyfikator elementu docelowego: 92)” w pliku „C:\Program Files\Microsoft Visual Studio\18\Insiders\MSBuild\Microsoft\VC\v170\Microsoft.CppBuild.targets” z projektu „C:\Users\kazac\OneDrive\Pulpit\C++-folder\Aplikacja-Bankowa\Rejestracja Bankowa\Rejestracja Bankowa\Rejestracja Bankowa.vcxproj” (zależy od niego element docelowy „ResourceCompile”):
07:13:24.852     1>Wykonano kompilowanie elementu docelowego „SelectResourceCompile” w projekcie „Rejestracja Bankowa.vcxproj”.: (identyfikator elementu docelowego: 92)
07:13:24.852     1>Element docelowy „ResourceCompile: (identyfikator elementu docelowego: 93)” w pliku „C:\Program Files\Microsoft Visual Studio\18\Insiders\MSBuild\Microsoft\VC\v170\Microsoft.CppCommon.targets” z projektu „C:\Users\kazac\OneDrive\Pulpit\C++-folder\Aplikacja-Bankowa\Rejestracja Bankowa\Rejestracja Bankowa\Rejestracja Bankowa.vcxproj” (zależy od niego element docelowy „_ResourceCompile”):
                   Zadanie „RC”: (identyfikator zadania: 59)
                     C:\Program Files (x86)\Windows Kits\10\bin\10.0.26100.0\x64\rc.exe /D _UNICODE /D UNICODE /l"0x0409" /nologo /fo"C:\Users\kazac\OneDrive\Pulpit\C++-folder\Aplikacja-Bankowa\Rejestracja Bankowa\Rejestracja Bankowa\build\Debug\x64\Rejestracja Bankowa.res" "Rejestracja Bankowa.rc" : (identyfikator zadania: 59)
                   Wykonywanie zadania „RC” zakończone.: (identyfikator zadania: 59)
07:13:25.301     1>Wykonano kompilowanie elementu docelowego „ResourceCompile” w projekcie „Rejestracja Bankowa.vcxproj”.: (identyfikator elementu docelowego: 93)
07:13:25.301     1>Element docelowy „AfterResourceCompile: (identyfikator elementu docelowego: 94)” w pliku „C:\Program Files\Microsoft Visual Studio\18\Insiders\MSBuild\Microsoft\VC\v170\Microsoft.CppBuild.targets” z projektu „C:\Users\kazac\OneDrive\Pulpit\C++-folder\Aplikacja-Bankowa\Rejestracja Bankowa\Rejestracja Bankowa\Rejestracja Bankowa.vcxproj” (zależy od niego element docelowy „_ResourceCompile”):
07:13:25.301     1>Wykonano kompilowanie elementu docelowego „AfterResourceCompile” w projekcie „Rejestracja Bankowa.vcxproj”.: (identyfikator elementu docelowego: 94)
07:13:25.301     1>Element docelowy „_ResourceCompile: (identyfikator elementu docelowego: 95)” w pliku „C:\Program Files\Microsoft Visual Studio\18\Insiders\MSBuild\Microsoft\VC\v170\Microsoft.CppBuild.targets” z projektu „C:\Users\kazac\OneDrive\Pulpit\C++-folder\Aplikacja-Bankowa\Rejestracja Bankowa\Rejestracja Bankowa\Rejestracja Bankowa.vcxproj” (zależy od niego element docelowy „_BuildCompileAction”):
07:13:25.301     1>Wykonano kompilowanie elementu docelowego „_ResourceCompile” w projekcie „Rejestracja Bankowa.vcxproj”.: (identyfikator elementu docelowego: 95)
07:13:25.301     1>Element docelowy „AfterBuildCompileEvent: (identyfikator elementu docelowego: 96)” w pliku „C:\Program Files\Microsoft Visual Studio\18\Insiders\MSBuild\Microsoft\VC\v170\Microsoft.CppBuild.targets” z projektu „C:\Users\kazac\OneDrive\Pulpit\C++-folder\Aplikacja-Bankowa\Rejestracja Bankowa\Rejestracja Bankowa\Rejestracja Bankowa.vcxproj” (zależy od niego element docelowy „_BuildCompileAction”):
07:13:25.301     1>Wykonano kompilowanie elementu docelowego „AfterBuildCompileEvent” w projekcie „Rejestracja Bankowa.vcxproj”.: (identyfikator elementu docelowego: 96)
07:13:25.301     1>Element docelowy „_BuildCompileAction: (identyfikator elementu docelowego: 97)” w pliku „C:\Program Files\Microsoft Visual Studio\18\Insiders\MSBuild\Microsoft\VC\v170\Microsoft.CppBuild.targets” z projektu „C:\Users\kazac\OneDrive\Pulpit\C++-folder\Aplikacja-Bankowa\Rejestracja Bankowa\Rejestracja Bankowa\Rejestracja Bankowa.vcxproj” (zależy od niego element docelowy „BuildCompile”):
07:13:25.301     1>Wykonano kompilowanie elementu docelowego „_BuildCompileAction” w projekcie „Rejestracja Bankowa.vcxproj”.: (identyfikator elementu docelowego: 97)
07:13:25.301     1>Element docelowy „BuildCompile: (identyfikator elementu docelowego: 98)” w pliku „C:\Program Files\Microsoft Visual Studio\18\Insiders\MSBuild\Current\Bin\amd64\Microsoft.Common.CurrentVersion.targets” z projektu „C:\Users\kazac\OneDrive\Pulpit\C++-folder\Aplikacja-Bankowa\Rejestracja Bankowa\Rejestracja Bankowa\Rejestracja Bankowa.vcxproj” (zależy od niego element docelowy „Build”):
07:13:25.301     1>Wykonano kompilowanie elementu docelowego „BuildCompile” w projekcie „Rejestracja Bankowa.vcxproj”.: (identyfikator elementu docelowego: 98)
07:13:25.301     1>Element docelowy „BuildLinkTraverse: (identyfikator elementu docelowego: 99)” w pliku „C:\Program Files\Microsoft Visual Studio\18\Insiders\MSBuild\Current\Bin\amd64\Microsoft.Common.CurrentVersion.targets” z projektu „C:\Users\kazac\OneDrive\Pulpit\C++-folder\Aplikacja-Bankowa\Rejestracja Bankowa\Rejestracja Bankowa\Rejestracja Bankowa.vcxproj” (zależy od niego element docelowy „BuildLink”):
07:13:25.301     1>Wykonano kompilowanie elementu docelowego „BuildLinkTraverse” w projekcie „Rejestracja Bankowa.vcxproj”.: (identyfikator elementu docelowego: 99)
07:13:25.301     1>Element docelowy „ComputeLegacyManifestEmbedding: (identyfikator elementu docelowego: 100)” w pliku „C:\Program Files\Microsoft Visual Studio\18\Insiders\MSBuild\Microsoft\VC\v170\Microsoft.CppBuild.targets” z projektu „C:\Users\kazac\OneDrive\Pulpit\C++-folder\Aplikacja-Bankowa\Rejestracja Bankowa\Rejestracja Bankowa\Rejestracja Bankowa.vcxproj” (zależy od niego element docelowy „_BuildLinkAction”):
07:13:25.302     1>Wykonano kompilowanie elementu docelowego „ComputeLegacyManifestEmbedding” w projekcie „Rejestracja Bankowa.vcxproj”.: (identyfikator elementu docelowego: 100)
07:13:25.302     1>Element docelowy „BeforeLink: (identyfikator elementu docelowego: 101)” w pliku „C:\Program Files\Microsoft Visual Studio\18\Insiders\MSBuild\Microsoft\VC\v170\Microsoft.CppBuild.targets” z projektu „C:\Users\kazac\OneDrive\Pulpit\C++-folder\Aplikacja-Bankowa\Rejestracja Bankowa\Rejestracja Bankowa\Rejestracja Bankowa.vcxproj” (zależy od niego element docelowy „_Link”):
07:13:25.302     1>Wykonano kompilowanie elementu docelowego „BeforeLink” w projekcie „Rejestracja Bankowa.vcxproj”.: (identyfikator elementu docelowego: 101)
07:13:25.302     1>Element docelowy „ComputeRCOutputs: (identyfikator elementu docelowego: 102)” w pliku „C:\Program Files\Microsoft Visual Studio\18\Insiders\MSBuild\Microsoft\VC\v170\Microsoft.CppBuild.targets” z projektu „C:\Users\kazac\OneDrive\Pulpit\C++-folder\Aplikacja-Bankowa\Rejestracja Bankowa\Rejestracja Bankowa\Rejestracja Bankowa.vcxproj” (zależy od niego element docelowy „ComputeRCGeneratedLinkInputs”):
07:13:25.303     1>Wykonano kompilowanie elementu docelowego „ComputeRCOutputs” w projekcie „Rejestracja Bankowa.vcxproj”.: (identyfikator elementu docelowego: 102)
07:13:25.303     1>Element docelowy „ComputeRCGeneratedLinkInputs: (identyfikator elementu docelowego: 103)” w pliku „C:\Program Files\Microsoft Visual Studio\18\Insiders\MSBuild\Microsoft\VC\v170\Microsoft.CppBuild.targets” z projektu „C:\Users\kazac\OneDrive\Pulpit\C++-folder\Aplikacja-Bankowa\Rejestracja Bankowa\Rejestracja Bankowa\Rejestracja Bankowa.vcxproj” (zależy od niego element docelowy „_Link”):
07:13:25.303     1>Wykonano kompilowanie elementu docelowego „ComputeRCGeneratedLinkInputs” w projekcie „Rejestracja Bankowa.vcxproj”.: (identyfikator elementu docelowego: 103)
07:13:25.303     1>Element docelowy „ComputeManifestGeneratedLinkerInputs: (identyfikator elementu docelowego: 104)” w pliku „C:\Program Files\Microsoft Visual Studio\18\Insiders\MSBuild\Microsoft\VC\v170\Microsoft.CppBuild.targets” z projektu „C:\Users\kazac\OneDrive\Pulpit\C++-folder\Aplikacja-Bankowa\Rejestracja Bankowa\Rejestracja Bankowa\Rejestracja Bankowa.vcxproj” (zależy od niego element docelowy „_Link”):
07:13:25.303     1>Wykonano kompilowanie elementu docelowego „ComputeManifestGeneratedLinkerInputs” w projekcie „Rejestracja Bankowa.vcxproj”.: (identyfikator elementu docelowego: 104)
07:13:25.303     1>Element docelowy „ComputeCLOutputs: (identyfikator elementu docelowego: 105)” w pliku „C:\Program Files\Microsoft Visual Studio\18\Insiders\MSBuild\Microsoft\VC\v170\Microsoft.CppBuild.targets” z projektu „C:\Users\kazac\OneDrive\Pulpit\C++-folder\Aplikacja-Bankowa\Rejestracja Bankowa\Rejestracja Bankowa\Rejestracja Bankowa.vcxproj” (zależy od niego element docelowy „ComputeCLGeneratedLinkInputs”):
07:13:25.304     1>Wykonano kompilowanie elementu docelowego „ComputeCLOutputs” w projekcie „Rejestracja Bankowa.vcxproj”.: (identyfikator elementu docelowego: 105)
07:13:25.304     1>Element docelowy „ComputeCLGeneratedLinkInputs: (identyfikator elementu docelowego: 106)” w pliku „C:\Program Files\Microsoft Visual Studio\18\Insiders\MSBuild\Microsoft\VC\v170\Microsoft.CppBuild.targets” z projektu „C:\Users\kazac\OneDrive\Pulpit\C++-folder\Aplikacja-Bankowa\Rejestracja Bankowa\Rejestracja Bankowa\Rejestracja Bankowa.vcxproj” (zależy od niego element docelowy „_Link”):
07:13:25.304     1>Wykonano kompilowanie elementu docelowego „ComputeCLGeneratedLinkInputs” w projekcie „Rejestracja Bankowa.vcxproj”.: (identyfikator elementu docelowego: 106)
07:13:25.304     1>Element docelowy „ComputeLinkInputsFromProject: (identyfikator elementu docelowego: 107)” w pliku „C:\Program Files\Microsoft Visual Studio\18\Insiders\MSBuild\Microsoft\VC\v170\Microsoft.CppBuild.targets” z projektu „C:\Users\kazac\OneDrive\Pulpit\C++-folder\Aplikacja-Bankowa\Rejestracja Bankowa\Rejestracja Bankowa\Rejestracja Bankowa.vcxproj” (zależy od niego element docelowy „_Link”):
07:13:25.304     1>Wykonano kompilowanie elementu docelowego „ComputeLinkInputsFromProject” w projekcie „Rejestracja Bankowa.vcxproj”.: (identyfikator elementu docelowego: 107)
07:13:25.305     1>Element docelowy „ComputeManifestInputsTargets: (identyfikator elementu docelowego: 108)” w pliku „C:\Program Files\Microsoft Visual Studio\18\Insiders\MSBuild\Microsoft\VC\v170\Microsoft.CppBuild.targets” z projektu „C:\Users\kazac\OneDrive\Pulpit\C++-folder\Aplikacja-Bankowa\Rejestracja Bankowa\Rejestracja Bankowa\Rejestracja Bankowa.vcxproj” (zależy od niego element docelowy „_Link”):
07:13:25.305     1>Wykonano kompilowanie elementu docelowego „ComputeManifestInputsTargets” w projekcie „Rejestracja Bankowa.vcxproj”.: (identyfikator elementu docelowego: 108)
07:13:25.305     1>Element docelowy „CreateCustomManifestResourceNames: (identyfikator elementu docelowego: 109)” w pliku „C:\Program Files\Microsoft Visual Studio\18\Insiders\MSBuild\Current\Bin\amd64\Microsoft.Common.CurrentVersion.targets” z projektu „C:\Users\kazac\OneDrive\Pulpit\C++-folder\Aplikacja-Bankowa\Rejestracja Bankowa\Rejestracja Bankowa\Rejestracja Bankowa.vcxproj” (zależy od niego element docelowy „PrepareResourceNames”):
07:13:25.305     1>Wykonano kompilowanie elementu docelowego „CreateCustomManifestResourceNames” w projekcie „Rejestracja Bankowa.vcxproj”.: (identyfikator elementu docelowego: 109)
07:13:25.305     1>Element docelowy „PrepareResourceNames: (identyfikator elementu docelowego: 110)” w pliku „C:\Program Files\Microsoft Visual Studio\18\Insiders\MSBuild\Current\Bin\amd64\Microsoft.Common.CurrentVersion.targets” z projektu „C:\Users\kazac\OneDrive\Pulpit\C++-folder\Aplikacja-Bankowa\Rejestracja Bankowa\Rejestracja Bankowa\Rejestracja Bankowa.vcxproj” (zależy od niego element docelowy „_Link”):
07:13:25.305     1>Wykonano kompilowanie elementu docelowego „PrepareResourceNames” w projekcie „Rejestracja Bankowa.vcxproj”.: (identyfikator elementu docelowego: 110)
07:13:25.305     1>Element docelowy „MakeDirsForLink: (identyfikator elementu docelowego: 111)” w pliku „C:\Program Files\Microsoft Visual Studio\18\Insiders\MSBuild\Microsoft\VC\v170\Microsoft.CppBuild.targets” z projektu „C:\Users\kazac\OneDrive\Pulpit\C++-folder\Aplikacja-Bankowa\Rejestracja Bankowa\Rejestracja Bankowa\Rejestracja Bankowa.vcxproj” (zależy od niego element docelowy „_Link”):
                   Zadanie „MakeDir”: (identyfikator zadania: 60)
                   Wykonywanie zadania „MakeDir” zakończone.: (identyfikator zadania: 60)
07:13:25.306     1>Wykonano kompilowanie elementu docelowego „MakeDirsForLink” w projekcie „Rejestracja Bankowa.vcxproj”.: (identyfikator elementu docelowego: 111)
07:13:25.306     1>Element docelowy „DoLinkOutputFilesMatch: (identyfikator elementu docelowego: 112)” w pliku „C:\Program Files\Microsoft Visual Studio\18\Insiders\MSBuild\Microsoft\VC\v170\Microsoft.CppBuild.targets” z projektu „C:\Users\kazac\OneDrive\Pulpit\C++-folder\Aplikacja-Bankowa\Rejestracja Bankowa\Rejestracja Bankowa\Rejestracja Bankowa.vcxproj” (zależy od niego element docelowy „_Link”):
07:13:25.307     1>Wykonano kompilowanie elementu docelowego „DoLinkOutputFilesMatch” w projekcie „Rejestracja Bankowa.vcxproj”.: (identyfikator elementu docelowego: 112)
07:13:25.307     1>Element docelowy „PreLinkEvent: (identyfikator elementu docelowego: 113)” w pliku „C:\Program Files\Microsoft Visual Studio\18\Insiders\MSBuild\Microsoft\VC\v170\Microsoft.CppCommon.targets” z projektu „C:\Users\kazac\OneDrive\Pulpit\C++-folder\Aplikacja-Bankowa\Rejestracja Bankowa\Rejestracja Bankowa\Rejestracja Bankowa.vcxproj” (zależy od niego element docelowy „_Link”):
07:13:25.307     1>Wykonano kompilowanie elementu docelowego „PreLinkEvent” w projekcie „Rejestracja Bankowa.vcxproj”.: (identyfikator elementu docelowego: 113)
07:13:25.307     1>Element docelowy „ComputeLinkSwitches: (identyfikator elementu docelowego: 114)” w pliku „C:\Program Files\Microsoft Visual Studio\18\Insiders\MSBuild\Microsoft\VC\v170\Microsoft.CppCommon.targets” z projektu „C:\Users\kazac\OneDrive\Pulpit\C++-folder\Aplikacja-Bankowa\Rejestracja Bankowa\Rejestracja Bankowa\Rejestracja Bankowa.vcxproj” (zależy od niego element docelowy „Link”):
07:13:25.308     1>Wykonano kompilowanie elementu docelowego „ComputeLinkSwitches” w projekcie „Rejestracja Bankowa.vcxproj”.: (identyfikator elementu docelowego: 114)
07:13:25.308     1>Element docelowy „Link: (identyfikator elementu docelowego: 115)” w pliku „C:\Program Files\Microsoft Visual Studio\18\Insiders\MSBuild\Microsoft\VC\v170\Microsoft.CppCommon.targets” z projektu „C:\Users\kazac\OneDrive\Pulpit\C++-folder\Aplikacja-Bankowa\Rejestracja Bankowa\Rejestracja Bankowa\Rejestracja Bankowa.vcxproj” (zależy od niego element docelowy „_Link”):
                   Zadanie „Link”: (identyfikator zadania: 61)
                     C:\Program Files\Microsoft Visual Studio\18\Insiders\VC\Tools\MSVC\14.44.35207\bin\HostX64\x64\link.exe /ERRORREPORT:PROMPT /OUT:"C:\Users\kazac\OneDrive\Pulpit\C++-folder\Aplikacja-Bankowa\Rejestracja Bankowa\x64\Debug\RejestracjaBankowa.exe" /INCREMENTAL /ILK:"C:\Users\kazac\OneDrive\Pulpit\C++-folder\Aplikacja-Bankowa\Rejestracja Bankowa\Rejestracja Bankowa\build\Debug\x64\RejestracjaBankowa.ilk" /NOLOGO /ASSEMBLYRESOURCE:"C:\Users\kazac\OneDrive\Pulpit\C++-folder\Aplikacja-Bankowa\Rejestracja Bankowa\Rejestracja Bankowa\build\Debug\x64\RejestracjaBankowa.Logowanie.resources,RejestracjaBankowa.Logowanie.Logowanie.resources" /ASSEMBLYRESOURCE:"C:\Users\kazac\OneDrive\Pulpit\C++-folder\Aplikacja-Bankowa\Rejestracja Bankowa\Rejestracja Bankowa\build\Debug\x64\RejestracjaBankowa.Rejestracja.resources,RejestracjaBankowa.Rejestracja.resources" /ASSEMBLYRESOURCE:"C:\Users\kazac\OneDrive\Pulpit\C++-folder\Aplikacja-Bankowa\Rejestracja Bankowa\Rejestracja Bankowa\build\Debug\x64\RejestracjaBankowa.Rejestracja1.resources,RejestracjaBankowa.Rejestracja1.Rejestracja1.resources" /MANIFEST /MANIFESTUAC:"level='asInvoker' uiAccess='false'" /manifest:embed /DEBUG:FULL /PDB:"C:\Users\kazac\OneDrive\Pulpit\C++-folder\Aplikacja-Bankowa\Rejestracja Bankowa\x64\Debug\RejestracjaBankowa.pdb" /ASSEMBLYDEBUG /TLBID:1 /DYNAMICBASE /FIXED:NO /NXCOMPAT /MACHINE:X64 "C:\Users\kazac\OneDrive\Pulpit\C++-folder\Aplikacja-Bankowa\Rejestracja Bankowa\Rejestracja Bankowa\build\Debug\x64\Rejestracja Bankowa.res"
                     "C:\Users\kazac\OneDrive\Pulpit\C++-folder\Aplikacja-Bankowa\Rejestracja Bankowa\Rejestracja Bankowa\build\Debug\x64\Logowanie.obj"
                     "C:\Users\kazac\OneDrive\Pulpit\C++-folder\Aplikacja-Bankowa\Rejestracja Bankowa\Rejestracja Bankowa\build\Debug\x64\Nawigacja.obj"
                     "C:\Users\kazac\OneDrive\Pulpit\C++-folder\Aplikacja-Bankowa\Rejestracja Bankowa\Rejestracja Bankowa\build\Debug\x64\Rejestracja.obj"
                     "C:\Users\kazac\OneDrive\Pulpit\C++-folder\Aplikacja-Bankowa\Rejestracja Bankowa\Rejestracja Bankowa\build\Debug\x64\Rejestracja1.obj"
                     "C:\Users\kazac\OneDrive\Pulpit\C++-folder\Aplikacja-Bankowa\Rejestracja Bankowa\Rejestracja Bankowa\build\Debug\x64\.NETFramework,Version=v4.7.2.AssemblyAttributes.obj": (identyfikator zadania: 61)
                     Logowanie.obj : napotkano moduł MSIL; konsolidowanie przyrostowe jest wyłączone dla modułów MSIL; zostanie wykonana pełna konsolidacja: (identyfikator zadania: 61)
                   Wykonywanie zadania „Link” zakończone.: (identyfikator zadania: 61)
                   Zadanie „Message”: (identyfikator zadania: 62)
                     Rejestracja Bankowa.vcxproj -> C:\Users\kazac\OneDrive\Pulpit\C++-folder\Aplikacja-Bankowa\Rejestracja Bankowa\x64\Debug\RejestracjaBankowa.exe: (identyfikator zadania: 62)
                   Wykonywanie zadania „Message” zakończone.: (identyfikator zadania: 62)
07:13:26.238     1>Wykonano kompilowanie elementu docelowego „Link” w projekcie „Rejestracja Bankowa.vcxproj”.: (identyfikator elementu docelowego: 115)
07:13:26.238     1>Element docelowy „ComputeMetaGenInputs: (identyfikator elementu docelowego: 116)” w pliku „C:\Program Files\Microsoft Visual Studio\18\Insiders\MSBuild\Microsoft\VC\v170\Microsoft.CppCommon.targets” z projektu „C:\Users\kazac\OneDrive\Pulpit\C++-folder\Aplikacja-Bankowa\Rejestracja Bankowa\Rejestracja Bankowa\Rejestracja Bankowa.vcxproj” (zależy od niego element docelowy „MetaGenInputsOutputs”):
07:13:26.238     1>Wykonano kompilowanie elementu docelowego „ComputeMetaGenInputs” w projekcie „Rejestracja Bankowa.vcxproj”.: (identyfikator elementu docelowego: 116)
07:13:26.238     1>Element docelowy „MetaGenInputsOutputs: (identyfikator elementu docelowego: 117)” w pliku „C:\Program Files\Microsoft Visual Studio\18\Insiders\MSBuild\Microsoft\VC\v170\Microsoft.MetaGen.targets” z projektu „C:\Users\kazac\OneDrive\Pulpit\C++-folder\Aplikacja-Bankowa\Rejestracja Bankowa\Rejestracja Bankowa\Rejestracja Bankowa.vcxproj” (zależy od niego element docelowy „_Link”):
07:13:26.238     1>Wykonano kompilowanie elementu docelowego „MetaGenInputsOutputs” w projekcie „Rejestracja Bankowa.vcxproj”.: (identyfikator elementu docelowego: 117)
07:13:26.238     1>Element docelowy „MetaGen: (identyfikator elementu docelowego: 118)” w pliku „C:\Program Files\Microsoft Visual Studio\18\Insiders\MSBuild\Microsoft\VC\v170\Microsoft.MetaGen.targets” z projektu „C:\Users\kazac\OneDrive\Pulpit\C++-folder\Aplikacja-Bankowa\Rejestracja Bankowa\Rejestracja Bankowa\Rejestracja Bankowa.vcxproj” (zależy od niego element docelowy „_Link”):
                   Zadanie „METAGEN”: (identyfikator zadania: 63)
                   Wykonywanie zadania „METAGEN” zakończone.: (identyfikator zadania: 63)
07:13:26.344     1>Wykonano kompilowanie elementu docelowego „MetaGen” w projekcie „Rejestracja Bankowa.vcxproj”.: (identyfikator elementu docelowego: 118)
07:13:26.344     1>Element docelowy „AfterLink: (identyfikator elementu docelowego: 119)” w pliku „C:\Program Files\Microsoft Visual Studio\18\Insiders\MSBuild\Microsoft\VC\v170\Microsoft.CppBuild.targets” z projektu „C:\Users\kazac\OneDrive\Pulpit\C++-folder\Aplikacja-Bankowa\Rejestracja Bankowa\Rejestracja Bankowa\Rejestracja Bankowa.vcxproj” (zależy od niego element docelowy „_Link”):
07:13:26.345     1>Wykonano kompilowanie elementu docelowego „AfterLink” w projekcie „Rejestracja Bankowa.vcxproj”.: (identyfikator elementu docelowego: 119)
07:13:26.345     1>Element docelowy „_Link: (identyfikator elementu docelowego: 120)” w pliku „C:\Program Files\Microsoft Visual Studio\18\Insiders\MSBuild\Microsoft\VC\v170\Microsoft.CppBuild.targets” z projektu „C:\Users\kazac\OneDrive\Pulpit\C++-folder\Aplikacja-Bankowa\Rejestracja Bankowa\Rejestracja Bankowa\Rejestracja Bankowa.vcxproj” (zależy od niego element docelowy „_BuildLinkAction”):
07:13:26.345     1>Wykonano kompilowanie elementu docelowego „_Link” w projekcie „Rejestracja Bankowa.vcxproj”.: (identyfikator elementu docelowego: 120)
07:13:26.345     1>Element docelowy „_ALink: (identyfikator elementu docelowego: 121)” w pliku „C:\Program Files\Microsoft Visual Studio\18\Insiders\MSBuild\Microsoft\VC\v170\Microsoft.CppBuild.targets” z projektu „C:\Users\kazac\OneDrive\Pulpit\C++-folder\Aplikacja-Bankowa\Rejestracja Bankowa\Rejestracja Bankowa\Rejestracja Bankowa.vcxproj” (zależy od niego element docelowy „_BuildLinkAction”):
07:13:26.345     1>Wykonano kompilowanie elementu docelowego „_ALink” w projekcie „Rejestracja Bankowa.vcxproj”.: (identyfikator elementu docelowego: 121)
07:13:26.345     1>Element docelowy „_Manifest: (identyfikator elementu docelowego: 122)” w pliku „C:\Program Files\Microsoft Visual Studio\18\Insiders\MSBuild\Microsoft\VC\v170\Microsoft.CppBuild.targets” z projektu „C:\Users\kazac\OneDrive\Pulpit\C++-folder\Aplikacja-Bankowa\Rejestracja Bankowa\Rejestracja Bankowa\Rejestracja Bankowa.vcxproj” (zależy od niego element docelowy „_BuildLinkAction”):
07:13:26.345     1>Wykonano kompilowanie elementu docelowego „_Manifest” w projekcie „Rejestracja Bankowa.vcxproj”.: (identyfikator elementu docelowego: 122)
07:13:26.345     1>Element docelowy „RegisterOutput: (identyfikator elementu docelowego: 123)” w pliku „C:\Program Files\Microsoft Visual Studio\18\Insiders\MSBuild\Microsoft\VC\v170\Microsoft.CppCommon.targets” z projektu „C:\Users\kazac\OneDrive\Pulpit\C++-folder\Aplikacja-Bankowa\Rejestracja Bankowa\Rejestracja Bankowa\Rejestracja Bankowa.vcxproj” (zależy od niego element docelowy „_BuildLinkAction”):
07:13:26.345     1>Wykonano kompilowanie elementu docelowego „RegisterOutput” w projekcie „Rejestracja Bankowa.vcxproj”.: (identyfikator elementu docelowego: 123)
07:13:26.345     1>Element docelowy „ResolvedXDCMake: (identyfikator elementu docelowego: 124)” w pliku „C:\Program Files\Microsoft Visual Studio\18\Insiders\MSBuild\Microsoft\VC\v170\Microsoft.CppBuild.targets” z projektu „C:\Users\kazac\OneDrive\Pulpit\C++-folder\Aplikacja-Bankowa\Rejestracja Bankowa\Rejestracja Bankowa\Rejestracja Bankowa.vcxproj” (zależy od niego element docelowy „_XdcMake”):
07:13:26.345     1>Wykonano kompilowanie elementu docelowego „ResolvedXDCMake” w projekcie „Rejestracja Bankowa.vcxproj”.: (identyfikator elementu docelowego: 124)
07:13:26.345     1>Element docelowy „ComputeCLCompileGeneratedXDCFiles: (identyfikator elementu docelowego: 125)” w pliku „C:\Program Files\Microsoft Visual Studio\18\Insiders\MSBuild\Microsoft\VC\v170\Microsoft.CppBuild.targets” z projektu „C:\Users\kazac\OneDrive\Pulpit\C++-folder\Aplikacja-Bankowa\Rejestracja Bankowa\Rejestracja Bankowa\Rejestracja Bankowa.vcxproj” (zależy od niego element docelowy „_XdcMake”):
07:13:26.345     1>Wykonano kompilowanie elementu docelowego „ComputeCLCompileGeneratedXDCFiles” w projekcie „Rejestracja Bankowa.vcxproj”.: (identyfikator elementu docelowego: 125)
07:13:26.345     1>Element docelowy „MakeDirsForXdcMake: (identyfikator elementu docelowego: 126)” w pliku „C:\Program Files\Microsoft Visual Studio\18\Insiders\MSBuild\Microsoft\VC\v170\Microsoft.CppBuild.targets” z projektu „C:\Users\kazac\OneDrive\Pulpit\C++-folder\Aplikacja-Bankowa\Rejestracja Bankowa\Rejestracja Bankowa\Rejestracja Bankowa.vcxproj” (zależy od niego element docelowy „_XdcMake”):
                   Zadanie „MakeDir”: (identyfikator zadania: 64)
                   Wykonywanie zadania „MakeDir” zakończone.: (identyfikator zadania: 64)
07:13:26.347     1>Wykonano kompilowanie elementu docelowego „MakeDirsForXdcMake” w projekcie „Rejestracja Bankowa.vcxproj”.: (identyfikator elementu docelowego: 126)
07:13:26.347     1>Element docelowy „_XdcMake: (identyfikator elementu docelowego: 127)” w pliku „C:\Program Files\Microsoft Visual Studio\18\Insiders\MSBuild\Microsoft\VC\v170\Microsoft.CppBuild.targets” z projektu „C:\Users\kazac\OneDrive\Pulpit\C++-folder\Aplikacja-Bankowa\Rejestracja Bankowa\Rejestracja Bankowa\Rejestracja Bankowa.vcxproj” (zależy od niego element docelowy „_BuildLinkAction”):
07:13:26.347     1>Wykonano kompilowanie elementu docelowego „_XdcMake” w projekcie „Rejestracja Bankowa.vcxproj”.: (identyfikator elementu docelowego: 127)
07:13:26.347     1>Element docelowy „ComputeCLCompileGeneratedSbrFiles: (identyfikator elementu docelowego: 128)” w pliku „C:\Program Files\Microsoft Visual Studio\18\Insiders\MSBuild\Microsoft\VC\v170\Microsoft.CppBuild.targets” z projektu „C:\Users\kazac\OneDrive\Pulpit\C++-folder\Aplikacja-Bankowa\Rejestracja Bankowa\Rejestracja Bankowa\Rejestracja Bankowa.vcxproj” (zależy od niego element docelowy „_BscMake”):
07:13:26.347     1>Wykonano kompilowanie elementu docelowego „ComputeCLCompileGeneratedSbrFiles” w projekcie „Rejestracja Bankowa.vcxproj”.: (identyfikator elementu docelowego: 128)
07:13:26.347     1>Element docelowy „MakeDirsForBscMake: (identyfikator elementu docelowego: 129)” w pliku „C:\Program Files\Microsoft Visual Studio\18\Insiders\MSBuild\Microsoft\VC\v170\Microsoft.CppBuild.targets” z projektu „C:\Users\kazac\OneDrive\Pulpit\C++-folder\Aplikacja-Bankowa\Rejestracja Bankowa\Rejestracja Bankowa\Rejestracja Bankowa.vcxproj” (zależy od niego element docelowy „_BscMake”):
                   Zadanie „MakeDir”: (identyfikator zadania: 65)
                   Wykonywanie zadania „MakeDir” zakończone.: (identyfikator zadania: 65)
07:13:26.347     1>Wykonano kompilowanie elementu docelowego „MakeDirsForBscMake” w projekcie „Rejestracja Bankowa.vcxproj”.: (identyfikator elementu docelowego: 129)
07:13:26.347     1>Element docelowy „_BscMake: (identyfikator elementu docelowego: 130)” w pliku „C:\Program Files\Microsoft Visual Studio\18\Insiders\MSBuild\Microsoft\VC\v170\Microsoft.CppBuild.targets” z projektu „C:\Users\kazac\OneDrive\Pulpit\C++-folder\Aplikacja-Bankowa\Rejestracja Bankowa\Rejestracja Bankowa\Rejestracja Bankowa.vcxproj” (zależy od niego element docelowy „_BuildLinkAction”):
07:13:26.347     1>Wykonano kompilowanie elementu docelowego „_BscMake” w projekcie „Rejestracja Bankowa.vcxproj”.: (identyfikator elementu docelowego: 130)
07:13:26.347     1>Element docelowy „BuiltProjectOutputGroup: (identyfikator elementu docelowego: 131)” w pliku „C:\Program Files\Microsoft Visual Studio\18\Insiders\MSBuild\Microsoft\VC\v170\Microsoft.CppBuild.targets” z projektu „C:\Users\kazac\OneDrive\Pulpit\C++-folder\Aplikacja-Bankowa\Rejestracja Bankowa\Rejestracja Bankowa\Rejestracja Bankowa.vcxproj” (zależy od niego element docelowy „CreateRecipeFile”):
07:13:26.347     1>Wykonano kompilowanie elementu docelowego „BuiltProjectOutputGroup” w projekcie „Rejestracja Bankowa.vcxproj”.: (identyfikator elementu docelowego: 131)
07:13:26.348     1>Element docelowy „SatelliteDllsProjectOutputGroup: (identyfikator elementu docelowego: 132)” w pliku „C:\Windows\Microsoft.NET\Framework\v4.0.30319\Microsoft.WinFx.targets” z projektu „C:\Users\kazac\OneDrive\Pulpit\C++-folder\Aplikacja-Bankowa\Rejestracja Bankowa\Rejestracja Bankowa\Rejestracja Bankowa.vcxproj” (zależy od niego element docelowy „CreateRecipeFile”):
                   Zadanie „CreateItem”: (identyfikator zadania: 66)
                   Wykonywanie zadania „CreateItem” zakończone.: (identyfikator zadania: 66)
                   Zadanie „CreateItem”: (identyfikator zadania: 67)
                   Wykonywanie zadania „CreateItem” zakończone.: (identyfikator zadania: 67)
07:13:26.349     1>Wykonano kompilowanie elementu docelowego „SatelliteDllsProjectOutputGroup” w projekcie „Rejestracja Bankowa.vcxproj”.: (identyfikator elementu docelowego: 132)
07:13:26.349     1>Element docelowy „MakeDirsForFxc: (identyfikator elementu docelowego: 133)” w pliku „C:\Program Files\Microsoft Visual Studio\18\Insiders\MSBuild\Microsoft\VC\v170\Microsoft.CppBuild.targets” z projektu „C:\Users\kazac\OneDrive\Pulpit\C++-folder\Aplikacja-Bankowa\Rejestracja Bankowa\Rejestracja Bankowa\Rejestracja Bankowa.vcxproj” (zależy od niego element docelowy „ContentFilesProjectOutputGroup”):
                   Zadanie „MakeDir”: (identyfikator zadania: 68)
                   Wykonywanie zadania „MakeDir” zakończone.: (identyfikator zadania: 68)
07:13:26.349     1>Wykonano kompilowanie elementu docelowego „MakeDirsForFxc” w projekcie „Rejestracja Bankowa.vcxproj”.: (identyfikator elementu docelowego: 133)
07:13:26.349     1>Element docelowy „ContentFilesProjectOutputGroup: (identyfikator elementu docelowego: 134)” w pliku „C:\Program Files\Microsoft Visual Studio\18\Insiders\MSBuild\Microsoft\VC\v170\Microsoft.CppBuild.targets” z projektu „C:\Users\kazac\OneDrive\Pulpit\C++-folder\Aplikacja-Bankowa\Rejestracja Bankowa\Rejestracja Bankowa\Rejestracja Bankowa.vcxproj” (zależy od niego element docelowy „CreateRecipeFile”):
                   Zadanie „AssignTargetPath”: (identyfikator zadania: 69)
                   Wykonywanie zadania „AssignTargetPath” zakończone.: (identyfikator zadania: 69)
07:13:26.352     1>Wykonano kompilowanie elementu docelowego „ContentFilesProjectOutputGroup” w projekcie „Rejestracja Bankowa.vcxproj”.: (identyfikator elementu docelowego: 134)
07:13:26.352     1>Element docelowy „CreateRecipeFile: (identyfikator elementu docelowego: 135)” w pliku „C:\Program Files\Microsoft Visual Studio\18\Insiders\MSBuild\Microsoft\VC\v170\Microsoft.CppBuild.targets” z projektu „C:\Users\kazac\OneDrive\Pulpit\C++-folder\Aplikacja-Bankowa\Rejestracja Bankowa\Rejestracja Bankowa\Rejestracja Bankowa.vcxproj” (zależy od niego element docelowy „_BuildLinkAction”):
                   Zadanie „GenerateDesktopDeployRecipe”: (identyfikator zadania: 70)
                   Wykonywanie zadania „GenerateDesktopDeployRecipe” zakończone.: (identyfikator zadania: 70)
07:13:26.375     1>Wykonano kompilowanie elementu docelowego „CreateRecipeFile” w projekcie „Rejestracja Bankowa.vcxproj”.: (identyfikator elementu docelowego: 135)
07:13:26.375     1>Element docelowy „_GenerateSatelliteAssemblyInputs: (identyfikator elementu docelowego: 136)” w pliku „C:\Program Files\Microsoft Visual Studio\18\Insiders\MSBuild\Current\Bin\amd64\Microsoft.Common.CurrentVersion.targets” z projektu „C:\Users\kazac\OneDrive\Pulpit\C++-folder\Aplikacja-Bankowa\Rejestracja Bankowa\Rejestracja Bankowa\Rejestracja Bankowa.vcxproj” (zależy od niego element docelowy „CreateSatelliteAssemblies”):
07:13:26.376     1>Wykonano kompilowanie elementu docelowego „_GenerateSatelliteAssemblyInputs” w projekcie „Rejestracja Bankowa.vcxproj”.: (identyfikator elementu docelowego: 136)
07:13:26.376     1>Element docelowy „CreateSatelliteAssemblies: (identyfikator elementu docelowego: 137)” w pliku „C:\Program Files\Microsoft Visual Studio\18\Insiders\MSBuild\Current\Bin\amd64\Microsoft.Common.CurrentVersion.targets” z projektu „C:\Users\kazac\OneDrive\Pulpit\C++-folder\Aplikacja-Bankowa\Rejestracja Bankowa\Rejestracja Bankowa\Rejestracja Bankowa.vcxproj” (zależy od niego element docelowy „_BuildLinkAction”):
07:13:26.376     1>Wykonano kompilowanie elementu docelowego „CreateSatelliteAssemblies” w projekcie „Rejestracja Bankowa.vcxproj”.: (identyfikator elementu docelowego: 137)
07:13:26.376     1>Element docelowy „_Appverifier: (identyfikator elementu docelowego: 138)” w pliku „C:\Program Files\Microsoft Visual Studio\18\Insiders\MSBuild\Microsoft\VC\v170\Microsoft.CppBuild.targets” z projektu „C:\Users\kazac\OneDrive\Pulpit\C++-folder\Aplikacja-Bankowa\Rejestracja Bankowa\Rejestracja Bankowa\Rejestracja Bankowa.vcxproj” (zależy od niego element docelowy „_BuildLinkAction”):
07:13:26.376     1>Wykonano kompilowanie elementu docelowego „_Appverifier” w projekcie „Rejestracja Bankowa.vcxproj”.: (identyfikator elementu docelowego: 138)
07:13:26.376     1>Element docelowy „_Deploy: (identyfikator elementu docelowego: 139)” w pliku „C:\Program Files\Microsoft Visual Studio\18\Insiders\MSBuild\Microsoft\VC\v170\Microsoft.CppBuild.targets” z projektu „C:\Users\kazac\OneDrive\Pulpit\C++-folder\Aplikacja-Bankowa\Rejestracja Bankowa\Rejestracja Bankowa\Rejestracja Bankowa.vcxproj” (zależy od niego element docelowy „_BuildLinkAction”):
07:13:26.376     1>Wykonano kompilowanie elementu docelowego „_Deploy” w projekcie „Rejestracja Bankowa.vcxproj”.: (identyfikator elementu docelowego: 139)
07:13:26.376     1>Element docelowy „_PopulateCommonStateForGetCopyToOutputDirectoryItems: (identyfikator elementu docelowego: 140)” w pliku „C:\Program Files\Microsoft Visual Studio\18\Insiders\MSBuild\Current\Bin\amd64\Microsoft.Common.CurrentVersion.targets” z projektu „C:\Users\kazac\OneDrive\Pulpit\C++-folder\Aplikacja-Bankowa\Rejestracja Bankowa\Rejestracja Bankowa\Rejestracja Bankowa.vcxproj” (zależy od niego element docelowy „GetCopyToOutputDirectoryItems”):
07:13:26.376     1>Wykonano kompilowanie elementu docelowego „_PopulateCommonStateForGetCopyToOutputDirectoryItems” w projekcie „Rejestracja Bankowa.vcxproj”.: (identyfikator elementu docelowego: 140)
07:13:26.376     1>Element docelowy „GetCopyToOutputDirectoryXamlAppDefs: (identyfikator elementu docelowego: 141)” w pliku „C:\Windows\Microsoft.NET\Framework\v4.0.30319\Microsoft.Xaml.targets” z projektu „C:\Users\kazac\OneDrive\Pulpit\C++-folder\Aplikacja-Bankowa\Rejestracja Bankowa\Rejestracja Bankowa\Rejestracja Bankowa.vcxproj” (zależy od niego element docelowy „GetCopyToOutputDirectoryItems”):
                   Zadanie „AssignTargetPath”: (identyfikator zadania: 71)
                   Wykonywanie zadania „AssignTargetPath” zakończone.: (identyfikator zadania: 71)
07:13:26.377     1>Wykonano kompilowanie elementu docelowego „GetCopyToOutputDirectoryXamlAppDefs” w projekcie „Rejestracja Bankowa.vcxproj”.: (identyfikator elementu docelowego: 141)
07:13:26.377     1>Element docelowy „GetCopyToOutputDirectoryItems: (identyfikator elementu docelowego: 142)” w pliku „C:\Program Files\Microsoft Visual Studio\18\Insiders\MSBuild\Current\Bin\amd64\Microsoft.Common.CurrentVersion.targets” z projektu „C:\Users\kazac\OneDrive\Pulpit\C++-folder\Aplikacja-Bankowa\Rejestracja Bankowa\Rejestracja Bankowa\Rejestracja Bankowa.vcxproj” (zależy od niego element docelowy „_CopySourceItemsToOutputDirectory”):
                   Zadanie „CallTarget”: (identyfikator zadania: 72)
07:13:26.378     1>Element docelowy „_GetCopyToOutputDirectoryItemsFromTransitiveProjectReferences: (identyfikator elementu docelowego: 143)” w pliku „C:\Program Files\Microsoft Visual Studio\18\Insiders\MSBuild\Current\Bin\amd64\Microsoft.Common.CurrentVersion.targets” z projektu „C:\Users\kazac\OneDrive\Pulpit\C++-folder\Aplikacja-Bankowa\Rejestracja Bankowa\Rejestracja Bankowa\Rejestracja Bankowa.vcxproj” (zależy od niego element docelowy „GetCopyToOutputDirectoryItems”):
                   Zadanie „AssignTargetPath”: (identyfikator zadania: 73)
                   Wykonywanie zadania „AssignTargetPath” zakończone.: (identyfikator zadania: 73)
07:13:26.379     1>Wykonano kompilowanie elementu docelowego „_GetCopyToOutputDirectoryItemsFromTransitiveProjectReferences” w projekcie „Rejestracja Bankowa.vcxproj”.: (identyfikator elementu docelowego: 143)
                   Wykonywanie zadania „CallTarget” zakończone.: (identyfikator zadania: 72)
                   Zadanie „CallTarget”: (identyfikator zadania: 74)
07:13:26.379     1>Element docelowy „_GetCopyToOutputDirectoryItemsFromThisProject: (identyfikator elementu docelowego: 144)” w pliku „C:\Program Files\Microsoft Visual Studio\18\Insiders\MSBuild\Current\Bin\amd64\Microsoft.Common.CurrentVersion.targets” z projektu „C:\Users\kazac\OneDrive\Pulpit\C++-folder\Aplikacja-Bankowa\Rejestracja Bankowa\Rejestracja Bankowa\Rejestracja Bankowa.vcxproj” (zależy od niego element docelowy „GetCopyToOutputDirectoryItems”):
                   Zadanie „AssignTargetPath”: (identyfikator zadania: 75)
                   Wykonywanie zadania „AssignTargetPath” zakończone.: (identyfikator zadania: 75)
07:13:26.380     1>Wykonano kompilowanie elementu docelowego „_GetCopyToOutputDirectoryItemsFromThisProject” w projekcie „Rejestracja Bankowa.vcxproj”.: (identyfikator elementu docelowego: 144)
                   Wykonywanie zadania „CallTarget” zakończone.: (identyfikator zadania: 74)
07:13:26.381     1>Wykonano kompilowanie elementu docelowego „GetCopyToOutputDirectoryItems” w projekcie „Rejestracja Bankowa.vcxproj”.: (identyfikator elementu docelowego: 142)
07:13:26.381     1>Element docelowy „_CopyOutOfDateSourceItemsToOutputDirectory: (identyfikator elementu docelowego: 145)” w pliku „C:\Program Files\Microsoft Visual Studio\18\Insiders\MSBuild\Current\Bin\amd64\Microsoft.Common.CurrentVersion.targets” z projektu „C:\Users\kazac\OneDrive\Pulpit\C++-folder\Aplikacja-Bankowa\Rejestracja Bankowa\Rejestracja Bankowa\Rejestracja Bankowa.vcxproj” (zależy od niego element docelowy „_CopySourceItemsToOutputDirectory”):
                   Zadanie „Copy”: (identyfikator zadania: 76)
                   Wykonywanie zadania „Copy” zakończone.: (identyfikator zadania: 76)
07:13:26.414     1>Wykonano kompilowanie elementu docelowego „_CopyOutOfDateSourceItemsToOutputDirectory” w projekcie „Rejestracja Bankowa.vcxproj”.: (identyfikator elementu docelowego: 145)
07:13:26.414     1>Element docelowy „_CopySourceItemsToOutputDirectory: (identyfikator elementu docelowego: 146)” w pliku „C:\Program Files\Microsoft Visual Studio\18\Insiders\MSBuild\Current\Bin\amd64\Microsoft.Common.CurrentVersion.targets” z projektu „C:\Users\kazac\OneDrive\Pulpit\C++-folder\Aplikacja-Bankowa\Rejestracja Bankowa\Rejestracja Bankowa\Rejestracja Bankowa.vcxproj” (zależy od niego element docelowy „CopyFilesToOutputDirectory”):
07:13:26.414     1>Wykonano kompilowanie elementu docelowego „_CopySourceItemsToOutputDirectory” w projekcie „Rejestracja Bankowa.vcxproj”.: (identyfikator elementu docelowego: 146)
07:13:26.414     1>Element docelowy „_CheckForCompileOutputs: (identyfikator elementu docelowego: 147)” w pliku „C:\Program Files\Microsoft Visual Studio\18\Insiders\MSBuild\Current\Bin\amd64\Microsoft.Common.CurrentVersion.targets” z projektu „C:\Users\kazac\OneDrive\Pulpit\C++-folder\Aplikacja-Bankowa\Rejestracja Bankowa\Rejestracja Bankowa\Rejestracja Bankowa.vcxproj” (zależy od niego element docelowy „CopyFilesToOutputDirectory”):
07:13:26.414     1>Wykonano kompilowanie elementu docelowego „_CheckForCompileOutputs” w projekcie „Rejestracja Bankowa.vcxproj”.: (identyfikator elementu docelowego: 147)
07:13:26.415     1>Element docelowy „CopyFilesToOutputDirectory: (identyfikator elementu docelowego: 148)” w pliku „C:\Program Files\Microsoft Visual Studio\18\Insiders\MSBuild\Current\Bin\amd64\Microsoft.Common.CurrentVersion.targets” z projektu „C:\Users\kazac\OneDrive\Pulpit\C++-folder\Aplikacja-Bankowa\Rejestracja Bankowa\Rejestracja Bankowa\Rejestracja Bankowa.vcxproj” (zależy od niego element docelowy „PrepareForRun”):
07:13:26.415     1>Wykonano kompilowanie elementu docelowego „CopyFilesToOutputDirectory” w projekcie „Rejestracja Bankowa.vcxproj”.: (identyfikator elementu docelowego: 148)
07:13:26.415     1>Element docelowy „PrepareForRun: (identyfikator elementu docelowego: 149)” w pliku „C:\Program Files\Microsoft Visual Studio\18\Insiders\MSBuild\Current\Bin\amd64\Microsoft.Common.CurrentVersion.targets” z projektu „C:\Users\kazac\OneDrive\Pulpit\C++-folder\Aplikacja-Bankowa\Rejestracja Bankowa\Rejestracja Bankowa\Rejestracja Bankowa.vcxproj” (zależy od niego element docelowy „_BuildLinkAction”):
07:13:26.415     1>Wykonano kompilowanie elementu docelowego „PrepareForRun” w projekcie „Rejestracja Bankowa.vcxproj”.: (identyfikator elementu docelowego: 149)
07:13:26.415     1>Element docelowy „PostBuildEvent: (identyfikator elementu docelowego: 150)” w pliku „C:\Program Files\Microsoft Visual Studio\18\Insiders\MSBuild\Microsoft\VC\v170\Microsoft.CppCommon.targets” z projektu „C:\Users\kazac\OneDrive\Pulpit\C++-folder\Aplikacja-Bankowa\Rejestracja Bankowa\Rejestracja Bankowa\Rejestracja Bankowa.vcxproj” (zależy od niego element docelowy „_BuildLinkAction”):
07:13:26.415     1>Wykonano kompilowanie elementu docelowego „PostBuildEvent” w projekcie „Rejestracja Bankowa.vcxproj”.: (identyfikator elementu docelowego: 150)
07:13:26.415     1>Element docelowy „_BuildLinkAction: (identyfikator elementu docelowego: 151)” w pliku „C:\Program Files\Microsoft Visual Studio\18\Insiders\MSBuild\Microsoft\VC\v170\Microsoft.CppBuild.targets” z projektu „C:\Users\kazac\OneDrive\Pulpit\C++-folder\Aplikacja-Bankowa\Rejestracja Bankowa\Rejestracja Bankowa\Rejestracja Bankowa.vcxproj” (zależy od niego element docelowy „BuildLink”):
07:13:26.415     1>Wykonano kompilowanie elementu docelowego „_BuildLinkAction” w projekcie „Rejestracja Bankowa.vcxproj”.: (identyfikator elementu docelowego: 151)
07:13:26.415     1>Element docelowy „BuildLink: (identyfikator elementu docelowego: 152)” w pliku „C:\Program Files\Microsoft Visual Studio\18\Insiders\MSBuild\Current\Bin\amd64\Microsoft.Common.CurrentVersion.targets” z projektu „C:\Users\kazac\OneDrive\Pulpit\C++-folder\Aplikacja-Bankowa\Rejestracja Bankowa\Rejestracja Bankowa\Rejestracja Bankowa.vcxproj” (zależy od niego element docelowy „Build”):
07:13:26.415     1>Wykonano kompilowanie elementu docelowego „BuildLink” w projekcie „Rejestracja Bankowa.vcxproj”.: (identyfikator elementu docelowego: 152)
07:13:26.415     1>Element docelowy „AfterBuild: (identyfikator elementu docelowego: 153)” w pliku „C:\Program Files\Microsoft Visual Studio\18\Insiders\MSBuild\Microsoft\VC\v170\Microsoft.BuildSteps.Targets” z projektu „C:\Users\kazac\OneDrive\Pulpit\C++-folder\Aplikacja-Bankowa\Rejestracja Bankowa\Rejestracja Bankowa\Rejestracja Bankowa.vcxproj” (zależy od niego element docelowy „Build”):
07:13:26.415     1>Wykonano kompilowanie elementu docelowego „AfterBuild” w projekcie „Rejestracja Bankowa.vcxproj”.: (identyfikator elementu docelowego: 153)
07:13:26.415     1>Element docelowy „_CleanGetCurrentAndPriorFileWrites: (identyfikator elementu docelowego: 154)” w pliku „C:\Program Files\Microsoft Visual Studio\18\Insiders\MSBuild\Current\Bin\amd64\Microsoft.Common.CurrentVersion.targets” z projektu „C:\Users\kazac\OneDrive\Pulpit\C++-folder\Aplikacja-Bankowa\Rejestracja Bankowa\Rejestracja Bankowa\Rejestracja Bankowa.vcxproj” (zależy od niego element docelowy „IncrementalClean”):
                   Zadanie „ReadLinesFromFile”: (identyfikator zadania: 77)
                   Wykonywanie zadania „ReadLinesFromFile” zakończone.: (identyfikator zadania: 77)
                   Zadanie „ConvertToAbsolutePath”: (identyfikator zadania: 78)
                   Wykonywanie zadania „ConvertToAbsolutePath” zakończone.: (identyfikator zadania: 78)
                   Zadanie „FindUnderPath”: (identyfikator zadania: 79)
                   Wykonywanie zadania „FindUnderPath” zakończone.: (identyfikator zadania: 79)
                   Zadanie „FindUnderPath”: (identyfikator zadania: 80)
                   Wykonywanie zadania „FindUnderPath” zakończone.: (identyfikator zadania: 80)
                   Zadanie „FindUnderPath”: (identyfikator zadania: 81)
                   Wykonywanie zadania „FindUnderPath” zakończone.: (identyfikator zadania: 81)
                   Zadanie „RemoveDuplicates”: (identyfikator zadania: 82)
                   Wykonywanie zadania „RemoveDuplicates” zakończone.: (identyfikator zadania: 82)
07:13:26.418     1>Wykonano kompilowanie elementu docelowego „_CleanGetCurrentAndPriorFileWrites” w projekcie „Rejestracja Bankowa.vcxproj”.: (identyfikator elementu docelowego: 154)
07:13:26.418     1>Element docelowy „IncrementalClean: (identyfikator elementu docelowego: 155)” w pliku „C:\Program Files\Microsoft Visual Studio\18\Insiders\MSBuild\Current\Bin\amd64\Microsoft.Common.CurrentVersion.targets” z projektu „C:\Users\kazac\OneDrive\Pulpit\C++-folder\Aplikacja-Bankowa\Rejestracja Bankowa\Rejestracja Bankowa\Rejestracja Bankowa.vcxproj” (zależy od niego element docelowy „Build”):
                   Zadanie „FindUnderPath”: (identyfikator zadania: 83)
                   Wykonywanie zadania „FindUnderPath” zakończone.: (identyfikator zadania: 83)
                   Zadanie „FindUnderPath”: (identyfikator zadania: 84)
                   Wykonywanie zadania „FindUnderPath” zakończone.: (identyfikator zadania: 84)
                   Zadanie „Delete”: (identyfikator zadania: 85)
                   Wykonywanie zadania „Delete” zakończone.: (identyfikator zadania: 85)
                   Zadanie „RemoveDuplicates”: (identyfikator zadania: 86)
                   Wykonywanie zadania „RemoveDuplicates” zakończone.: (identyfikator zadania: 86)
                   Zadanie „WriteLinesToFile”: (identyfikator zadania: 87)
                   Wykonywanie zadania „WriteLinesToFile” zakończone.: (identyfikator zadania: 87)
07:13:26.425     1>Wykonano kompilowanie elementu docelowego „IncrementalClean” w projekcie „Rejestracja Bankowa.vcxproj”.: (identyfikator elementu docelowego: 155)
07:13:26.425     1>Element docelowy „TlogCleanup: (identyfikator elementu docelowego: 156)” w pliku „C:\Program Files\Microsoft Visual Studio\18\Insiders\MSBuild\Microsoft\VC\v170\Microsoft.CppBuild.targets” z projektu „C:\Users\kazac\OneDrive\Pulpit\C++-folder\Aplikacja-Bankowa\Rejestracja Bankowa\Rejestracja Bankowa\Rejestracja Bankowa.vcxproj” (zależy od niego element docelowy „Build”):
                   Zadanie „CleanupStaleTlogItems”: (identyfikator zadania: 88)
                   Wykonywanie zadania „CleanupStaleTlogItems” zakończone.: (identyfikator zadania: 88)
07:13:26.432     1>Wykonano kompilowanie elementu docelowego „TlogCleanup” w projekcie „Rejestracja Bankowa.vcxproj”.: (identyfikator elementu docelowego: 156)
07:13:26.432     1>Element docelowy „FinalizeBuildStatus: (identyfikator elementu docelowego: 157)” w pliku „C:\Program Files\Microsoft Visual Studio\18\Insiders\MSBuild\Microsoft\VC\v170\Microsoft.CppBuild.targets” z projektu „C:\Users\kazac\OneDrive\Pulpit\C++-folder\Aplikacja-Bankowa\Rejestracja Bankowa\Rejestracja Bankowa\Rejestracja Bankowa.vcxproj” (zależy od niego element docelowy „Build”):
                   Zadanie „Delete”: (identyfikator zadania: 89)
                   Wykonywanie zadania „Delete” zakończone.: (identyfikator zadania: 89)
                   Zadanie „Touch”: (identyfikator zadania: 90)
                   Wykonywanie zadania „Touch” zakończone.: (identyfikator zadania: 90)
07:13:26.438     1>Wykonano kompilowanie elementu docelowego „FinalizeBuildStatus” w projekcie „Rejestracja Bankowa.vcxproj”.: (identyfikator elementu docelowego: 157)
07:13:26.438     1>Element docelowy „Build: (identyfikator elementu docelowego: 158)” w pliku „C:\Program Files\Microsoft Visual Studio\18\Insiders\MSBuild\Microsoft\VC\v170\Microsoft.BuildSteps.Targets” z projektu „C:\Users\kazac\OneDrive\Pulpit\C++-folder\Aplikacja-Bankowa\Rejestracja Bankowa\Rejestracja Bankowa\Rejestracja Bankowa.vcxproj” (zależy od niego element docelowy „Rebuild”):
07:13:26.438     1>Wykonano kompilowanie elementu docelowego „Build” w projekcie „Rejestracja Bankowa.vcxproj”.: (identyfikator elementu docelowego: 158)
07:13:26.438     1>Element docelowy „AfterRebuild: (identyfikator elementu docelowego: 159)” w pliku „C:\Program Files\Microsoft Visual Studio\18\Insiders\MSBuild\Current\Bin\amd64\Microsoft.Common.CurrentVersion.targets” z projektu „C:\Users\kazac\OneDrive\Pulpit\C++-folder\Aplikacja-Bankowa\Rejestracja Bankowa\Rejestracja Bankowa\Rejestracja Bankowa.vcxproj” (zależy od niego element docelowy „Rebuild”):
07:13:26.438     1>Wykonano kompilowanie elementu docelowego „AfterRebuild” w projekcie „Rejestracja Bankowa.vcxproj”.: (identyfikator elementu docelowego: 159)
07:13:26.438     1>Element docelowy „Rebuild: (identyfikator elementu docelowego: 160)” w pliku „C:\Program Files\Microsoft Visual Studio\18\Insiders\MSBuild\Microsoft\VC\v170\Microsoft.BuildSteps.Targets” z projektu „C:\Users\kazac\OneDrive\Pulpit\C++-folder\Aplikacja-Bankowa\Rejestracja Bankowa\Rejestracja Bankowa\Rejestracja Bankowa.vcxproj” (punkt wejścia):
07:13:26.438     1>Wykonano kompilowanie elementu docelowego „Rebuild” w projekcie „Rejestracja Bankowa.vcxproj”.: (identyfikator elementu docelowego: 160)
07:13:26.439     1>Kompilowanie projektu „C:\Users\kazac\OneDrive\Pulpit\C++-folder\Aplikacja-Bankowa\Rejestracja Bankowa\Rejestracja Bankowa\Rejestracja Bankowa.vcxproj” wykonane (elementy docelowe: Rebuild).

Podsumowanie wydajności projektu:
     8294 ms  C:\Users\kazac\OneDrive\Pulpit\C++-folder\Aplikacja-Bankowa\Rejestracja Bankowa\Rejestracja Bankowa\Rejestracja Bankowa.vcxproj — wywołań:   1
               8294 ms  Rebuild                                  — wywołań:   1

Podsumowanie wydajności elementu docelowego:
        0 ms  _ClCompile                               — wywołań:   1
        0 ms  ComputeLinkInputsFromProject             — wywołań:   1
        0 ms  ComputeCLGeneratedLinkInputs             — wywołań:   1
        0 ms  ComputeManifestGeneratedLinkerInputs     — wywołań:   1
        0 ms  ComputeRCGeneratedLinkInputs             — wywołań:   1
        0 ms  BeforeLink                               — wywołań:   1
        0 ms  BuildLinkTraverse                        — wywołań:   1
        0 ms  BuildCompile                             — wywołań:   1
        0 ms  _BuildCompileAction                      — wywołań:   1
        0 ms  AfterBuildCompileEvent                   — wywołań:   1
        0 ms  _ResourceCompile                         — wywołań:   1
        0 ms  AfterResourceCompile                     — wywołań:   1
        0 ms  SelectResourceCompile                    — wywołań:   1
        0 ms  ComputeManifestInputsTargets             — wywołań:   1
        0 ms  BeforeResourceCompile                    — wywołań:   1
        0 ms  ResGen                                   — wywołań:   1
        0 ms  AfterResGen                              — wywołań:   1
        0 ms  BeforeResGen                             — wywołań:   1
        0 ms  AfterRebuild                             — wywołań:   1
        0 ms  AfterClCompile                           — wywołań:   1
        0 ms  SelectClCompile                          — wywołań:   1
        0 ms  SetCppLanguageStandardCapabilities       — wywołań:   1
        0 ms  WarnCompileDuplicatedFilename            — wywołań:   1
        0 ms  GetReferencedVCProjectsInfo              — wywołań:   1
        0 ms  ComputeCLInputPDBName                    — wywołań:   1
        0 ms  BeforeClCompile                          — wywołań:   1
        0 ms  BuildCompileTraverse                     — wywołań:   1
        0 ms  _ResGen                                  — wywołań:   1
        0 ms  CreateCustomManifestResourceNames        — wywołań:   1
        0 ms  PrepareResourceNames                     — wywołań:   1
        0 ms  PreLinkEvent                             — wywołań:   1
        0 ms  Build                                    — wywołań:   1
        0 ms  AfterBuild                               — wywołań:   1
        0 ms  BuildLink                                — wywołań:   1
        0 ms  _BuildLinkAction                         — wywołań:   1
        0 ms  PostBuildEvent                           — wywołań:   1
        0 ms  PrepareForRun                            — wywołań:   1
        0 ms  CopyFilesToOutputDirectory               — wywołań:   1
        0 ms  _CheckForCompileOutputs                  — wywołań:   1
        0 ms  _CopySourceItemsToOutputDirectory        — wywołań:   1
        0 ms  _PopulateCommonStateForGetCopyToOutputDirectoryItems — wywołań:   1
        0 ms  _Deploy                                  — wywołań:   1
        0 ms  _Appverifier                             — wywołań:   1
        0 ms  CreateSatelliteAssemblies                — wywołań:   1
        0 ms  MakeDirsForFxc                           — wywołań:   1
        0 ms  BuiltProjectOutputGroup                  — wywołań:   1
        0 ms  _BscMake                                 — wywołań:   1
        0 ms  MakeDirsForBscMake                       — wywołań:   1
        0 ms  ComputeCLCompileGeneratedSbrFiles        — wywołań:   1
        0 ms  _XdcMake                                 — wywołań:   1
        0 ms  ComputeCLCompileGeneratedXDCFiles        — wywołań:   1
        0 ms  ResolvedXDCMake                          — wywołań:   1
        0 ms  RegisterOutput                           — wywołań:   1
        0 ms  _Manifest                                — wywołań:   1
        0 ms  _ALink                                   — wywołań:   1
        0 ms  _Link                                    — wywołań:   1
        0 ms  MetaGenInputsOutputs                     — wywołań:   1
        0 ms  ComputeMetaGenInputs                     — wywołań:   1
        0 ms  BuildGenerateSources                     — wywołań:   1
        0 ms  _BuildGenerateSourcesAction              — wywołań:   1
        0 ms  Rebuild                                  — wywołań:   1
        0 ms  AfterBuildGenerateSources                — wywołań:   1
        0 ms  CleanReferencedProjects                  — wywołań:   1
        0 ms  PreBuildEvent                            — wywołań:   1
        0 ms  BeforeBuildGenerateSources               — wywołań:   1
        0 ms  BuildGenerateSourcesTraverse             — wywołań:   1
        0 ms  GetFrameworkPaths                        — wywołań:   1
        0 ms  CleanPublishFolder                       — wywołań:   1
        0 ms  ResolveReferences                        — wywołań:   1
        0 ms  GetResolvedWinMD                         — wywołań:   1
        0 ms  _SelectedFiles                           — wywołań:   1
        0 ms  ImplicitlyExpandDesignTimeFacades        — wywołań:   1
        0 ms  AfterClean                               — wywołań:   1
        0 ms  _RemoveZipFileSuggestedRedirect          — wywołań:   1
        0 ms  BeforeCppClean                           — wywołań:   1
        0 ms  AfterCppClean                            — wywołań:   1
        0 ms  PGInstrumentedClean                      — wywołań:   1
        0 ms  CppClean                                 — wywołań:   1
        0 ms  Clean                                    — wywołań:   1
        0 ms  ExpandSDKReferences                      — wywołań:   1
        0 ms  AfterResolveReferences                   — wywołań:   1
        0 ms  _CheckWindowsSDKInstalled                — wywołań:   1
        0 ms  PrepareProjectReferences                 — wywołań:   1
        0 ms  _AddOutputPathToGlobalPropertiesToRemove — wywołań:   1
        0 ms  _Midl                                    — wywołań:   1
        0 ms  AfterMidl                                — wywołań:   1
        0 ms  ResolveProjectReferences                 — wywołań:   1
        0 ms  ComputeMIDLGeneratedCompileInputs        — wywołań:   1
        0 ms  BeforeResolveReferences                  — wywołań:   1
        0 ms  MakeDirsForMidl                          — wywołań:   1
        0 ms  BeforeRebuild                            — wywołań:   1
        0 ms  _Xsd                                     — wywołań:   1
        0 ms  _PrepareForClean                         — wywołań:   1
        0 ms  BeforeClean                              — wywołań:   1
        0 ms  _SplitProjectReferencesByFileExistence   — wywołań:   1
        0 ms  AddExternalIncludDirectoriesToPaths      — wywołań:   1
        0 ms  AfterBuildGenerateSourcesEvent           — wywołań:   1
        0 ms  ComputeCustomBuildOutput                 — wywołań:   1
        0 ms  SelectCustomBuild                        — wywołań:   1
        0 ms  _PrepareForReferenceResolution           — wywołań:   1
        1 ms  ComputeStdModulesCompileInputs           — wywołań:   1
        1 ms  SetBuildDefaultEnvironmentVariables      — wywołań:   1
        1 ms  MakeDirsForCl                            — wywołań:   1
        1 ms  ResolveSDKReferences                     — wywołań:   1
        1 ms  _GetCopyToOutputDirectoryItemsFromTransitiveProjectReferences — wywołań:   1
        1 ms  _GenerateSatelliteAssemblyInputs         — wywołań:   1
        1 ms  ComputeCLOutputs                         — wywołań:   1
        1 ms  GetCopyToOutputDirectoryXamlAppDefs      — wywołań:   1
        1 ms  DoLinkOutputFilesMatch                   — wywołań:   1
        1 ms  SetCABuildNativeEnvironmentVariables     — wywołań:   1
        1 ms  SplitResourcesByCulture                  — wywołań:   1
        1 ms  _GetCopyToOutputDirectoryItemsFromThisProject — wywołań:   1
        1 ms  AfterLink                                — wywołań:   1
        1 ms  ComputeLinkSwitches                      — wywołań:   1
        1 ms  FindReferenceAssembliesForReferences     — wywołań:   1
        1 ms  SatelliteDllsProjectOutputGroup          — wywołań:   1
        1 ms  GenerateTargetFrameworkMonikerAttribute  — wywołań:   1
        1 ms  MakeDirsForLink                          — wywołań:   1
        1 ms  ComputeRCOutputs                         — wywołań:   1
        1 ms  MakeDirsForResourceCompile               — wywołań:   1
        1 ms  GenerateBindingRedirectsUpdateAppConfig  — wywołań:   1
        1 ms  ImplicitlyExpandNETStandardFacades       — wywołań:   1
        1 ms  AssignProjectConfiguration               — wywołań:   1
        1 ms  ComputeLegacyManifestEmbedding           — wywołań:   1
        1 ms  _PrepareForBuild                         — wywołań:   1
        1 ms  MakeDirsForXdcMake                       — wywołań:   1
        1 ms  _PrepareForRebuild                       — wywołań:   1
        2 ms  IgnoreJavaScriptOutputAssembly           — wywołań:   1
        2 ms  CopyFileToFolders                        — wywołań:   1
        2 ms  _GetProjectReferenceTargetFrameworkProperties — wywołań:   1
        2 ms  FixupCLCompileOptions                    — wywołań:   1
        2 ms  _CheckForInvalidConfigurationAndPlatform — wywołań:   1
        2 ms  ContentFilesProjectOutputGroup           — wywołań:   1
        3 ms  _CleanGetCurrentAndPriorFileWrites       — wywołań:   1
        3 ms  AssignTargetPaths                        — wywołań:   1
        3 ms  SetTelemetryEnvironmentVariables         — wywołań:   1
        4 ms  GetCopyToOutputDirectoryItems            — wywołań:   1
        6 ms  FinalizeBuildStatus                      — wywołań:   1
        7 ms  IncrementalClean                         — wywołań:   1
        7 ms  TlogCleanup                              — wywołań:   1
        8 ms  CoreClean                                — wywołań:   1
        9 ms  CustomBuild                              — wywołań:   1
       10 ms  InitializeBuildStatus                    — wywołań:   1
       10 ms  GetReferenceAssemblyPaths                — wywołań:   1
       16 ms  ManagedIncrementalBuildPreProcessDependencyGraph — wywołań:   1
       18 ms  CoreCppClean                             — wywołań:   1
       19 ms  PrepareForBuild                          — wywołań:   1
       20 ms  CreateManifestResourceNames              — wywołań:   1
       24 ms  CreateRecipeFile                         — wywołań:   1
       27 ms  ManagedIncrementalBuildPostProcessDependencyGraph — wywołań:   1
       29 ms  _HandlePackageFileConflicts              — wywołań:   1
       33 ms  _CopyOutOfDateSourceItemsToOutputDirectory — wywołań:   1
       41 ms  ComputeReferenceCLInput                  — wywołań:   1
       57 ms  ResolveAssemblyReferences                — wywołań:   1
      106 ms  MetaGen                                  — wywołań:   1
      449 ms  ResourceCompile                          — wywołań:   1
      548 ms  CoreResGen                               — wywołań:   1
      930 ms  Link                                     — wywołań:   1
     5860 ms  ClCompile                                — wywołań:   1

Podsumowanie wydajności zadania:
        0 ms  Message                                  — wywołań:   3
        0 ms  SetRidAgnosticValueForProjects           — wywołań:   1
        0 ms  MSBuild                                  — wywołań:   1
        0 ms  RemoveDuplicates                         — wywołań:   3
        0 ms  ConvertToAbsolutePath                    — wywołań:   1
        1 ms  CreateCSharpManifestResourceName         — wywołań:   1
        1 ms  ReadLinesFromFile                        — wywołań:   3
        1 ms  AssignCulture                            — wywołań:   1
        1 ms  CheckVCToolsetVersion                    — wywołań:   1
        1 ms  CreateItem                               — wywołań:   2
        1 ms  AssignProjectConfiguration               — wywołań:   1
        2 ms  GetReferenceAssemblyPaths                — wywołań:   1
        2 ms  Delete                                   — wywołań:   6
        2 ms  AssignTargetPath                         — wywołań:   8
        2 ms  MakeDir                                  — wywołań:  12
        3 ms  CallTarget                               — wywołań:   2
        3 ms  FindUnderPath                            — wywołań:   7
        4 ms  SetEnv                                   — wywołań:  11
        6 ms  Touch                                    — wywołań:   2
        7 ms  CleanupStaleTlogItems                    — wywołań:   1
        8 ms  CppClean                                 — wywołań:   1
       14 ms  VCMessage                                — wywołań:   1
       16 ms  MIBPreProcessDependencyGraph             — wywołań:   1
       24 ms  GenerateDesktopDeployRecipe              — wywołań:   1
       24 ms  WriteLinesToFile                         — wywołań:   4
       25 ms  ResolvePackageFileConflicts              — wywołań:   1
       26 ms  MIBPostProcessDependencyGraph            — wywołań:   1
       28 ms  Copy                                     — wywołań:   1
       30 ms  GetOutOfDateItems                        — wywołań:   4
       56 ms  ResolveAssemblyReference                 — wywołań:   1
      105 ms  METAGEN                                  — wywołań:   1
      447 ms  RC                                       — wywołań:   1
      545 ms  GenerateResource                         — wywołań:   1
      927 ms  Link                                     — wywołań:   1
     5857 ms  CL                                       — wywołań:   1

Kompilacja powiodła się.

                   „C:\Users\kazac\OneDrive\Pulpit\C++-folder\Aplikacja-Bankowa\Rejestracja Bankowa\Rejestracja Bankowa\Rejestracja Bankowa.vcxproj” (element docelowy Rebuild) (1) ->
                   (element docelowy ClCompile) -> 
                     C:\Users\kazac\OneDrive\Pulpit\C++-folder\Aplikacja-Bankowa\Rejestracja Bankowa\Rejestracja Bankowa\Rejestracja.h(2683,24): warning C4101: "ex": lokalna zmienna, do której nie istnieje odwołanie
                     C:\Users\kazac\OneDrive\Pulpit\C++-folder\Aplikacja-Bankowa\Rejestracja Bankowa\Rejestracja Bankowa\Rejestracja.h(2702,23): warning C4101: "ex": lokalna zmienna, do której nie istnieje odwołanie
                     C:\Users\kazac\OneDrive\Pulpit\C++-folder\Aplikacja-Bankowa\Rejestracja Bankowa\Rejestracja Bankowa\Rejestracja.h(2713,23): warning C4101: "ex": lokalna zmienna, do której nie istnieje odwołanie
                     C:\Users\kazac\OneDrive\Pulpit\C++-folder\Aplikacja-Bankowa\Rejestracja Bankowa\Rejestracja Bankowa\Rejestracja.h(2730,23): warning C4101: "ex": lokalna zmienna, do której nie istnieje odwołanie
                     C:\Users\kazac\OneDrive\Pulpit\C++-folder\Aplikacja-Bankowa\Rejestracja Bankowa\Rejestracja Bankowa\Rejestracja.h(2757,23): warning C4101: "ex": lokalna zmienna, do której nie istnieje odwołanie
                     C:\Users\kazac\OneDrive\Pulpit\C++-folder\Aplikacja-Bankowa\Rejestracja Bankowa\Rejestracja Bankowa\Rejestracja.h(2780,24): warning C4101: "ex": lokalna zmienna, do której nie istnieje odwołanie
                     C:\Users\kazac\OneDrive\Pulpit\C++-folder\Aplikacja-Bankowa\Rejestracja Bankowa\Rejestracja Bankowa\Rejestracja.h(2827,23): warning C4101: "ex": lokalna zmienna, do której nie istnieje odwołanie
                     C:\Users\kazac\OneDrive\Pulpit\C++-folder\Aplikacja-Bankowa\Rejestracja Bankowa\Rejestracja Bankowa\Rejestracja.h(2861,23): warning C4101: "ex": lokalna zmienna, do której nie istnieje odwołanie
                     C:\Users\kazac\OneDrive\Pulpit\C++-folder\Aplikacja-Bankowa\Rejestracja Bankowa\Rejestracja Bankowa\Rejestracja.h(2892,23): warning C4101: "ex": lokalna zmienna, do której nie istnieje odwołanie
                     C:\Users\kazac\OneDrive\Pulpit\C++-folder\Aplikacja-Bankowa\Rejestracja Bankowa\Rejestracja Bankowa\Rejestracja.h(2912,23): warning C4101: "ex": lokalna zmienna, do której nie istnieje odwołanie
                     C:\Users\kazac\OneDrive\Pulpit\C++-folder\Aplikacja-Bankowa\Rejestracja Bankowa\Rejestracja Bankowa\Rejestracja.h(2927,23): warning C4101: "ex": lokalna zmienna, do której nie istnieje odwołanie
                     C:\Users\kazac\OneDrive\Pulpit\C++-folder\Aplikacja-Bankowa\Rejestracja Bankowa\Rejestracja Bankowa\Logowanie.h(538,14): warning C4804: ">=": niebezpieczne użycie typu "bool" w operacji
                     C:\Users\kazac\OneDrive\Pulpit\C++-folder\Aplikacja-Bankowa\Rejestracja Bankowa\Rejestracja Bankowa\Rejestracja.h(2683,24): warning C4101: "ex": lokalna zmienna, do której nie istnieje odwołanie
                     C:\Users\kazac\OneDrive\Pulpit\C++-folder\Aplikacja-Bankowa\Rejestracja Bankowa\Rejestracja Bankowa\Rejestracja.h(2702,23): warning C4101: "ex": lokalna zmienna, do której nie istnieje odwołanie
                     C:\Users\kazac\OneDrive\Pulpit\C++-folder\Aplikacja-Bankowa\Rejestracja Bankowa\Rejestracja Bankowa\Rejestracja.h(2713,23): warning C4101: "ex": lokalna zmienna, do której nie istnieje odwołanie
                     C:\Users\kazac\OneDrive\Pulpit\C++-folder\Aplikacja-Bankowa\Rejestracja Bankowa\Rejestracja Bankowa\Rejestracja.h(2730,23): warning C4101: "ex": lokalna zmienna, do której nie istnieje odwołanie
                     C:\Users\kazac\OneDrive\Pulpit\C++-folder\Aplikacja-Bankowa\Rejestracja Bankowa\Rejestracja Bankowa\Rejestracja.h(2757,23): warning C4101: "ex": lokalna zmienna, do której nie istnieje odwołanie
                     C:\Users\kazac\OneDrive\Pulpit\C++-folder\Aplikacja-Bankowa\Rejestracja Bankowa\Rejestracja Bankowa\Rejestracja.h(2780,24): warning C4101: "ex": lokalna zmienna, do której nie istnieje odwołanie
                     C:\Users\kazac\OneDrive\Pulpit\C++-folder\Aplikacja-Bankowa\Rejestracja Bankowa\Rejestracja Bankowa\Rejestracja.h(2827,23): warning C4101: "ex": lokalna zmienna, do której nie istnieje odwołanie
                     C:\Users\kazac\OneDrive\Pulpit\C++-folder\Aplikacja-Bankowa\Rejestracja Bankowa\Rejestracja Bankowa\Rejestracja.h(2861,23): warning C4101: "ex": lokalna zmienna, do której nie istnieje odwołanie
                     C:\Users\kazac\OneDrive\Pulpit\C++-folder\Aplikacja-Bankowa\Rejestracja Bankowa\Rejestracja Bankowa\Rejestracja.h(2892,23): warning C4101: "ex": lokalna zmienna, do której nie istnieje odwołanie
                     C:\Users\kazac\OneDrive\Pulpit\C++-folder\Aplikacja-Bankowa\Rejestracja Bankowa\Rejestracja Bankowa\Rejestracja.h(2912,23): warning C4101: "ex": lokalna zmienna, do której nie istnieje odwołanie
                     C:\Users\kazac\OneDrive\Pulpit\C++-folder\Aplikacja-Bankowa\Rejestracja Bankowa\Rejestracja Bankowa\Rejestracja.h(2927,23): warning C4101: "ex": lokalna zmienna, do której nie istnieje odwołanie
                     C:\Users\kazac\OneDrive\Pulpit\C++-folder\Aplikacja-Bankowa\Rejestracja Bankowa\Rejestracja Bankowa\Logowanie.h(538,14): warning C4804: ">=": niebezpieczne użycie typu "bool" w operacji
                     C:\Users\kazac\OneDrive\Pulpit\C++-folder\Aplikacja-Bankowa\Rejestracja Bankowa\Rejestracja Bankowa\Rejestracja.h(2683,24): warning C4101: "ex": lokalna zmienna, do której nie istnieje odwołanie
                     C:\Users\kazac\OneDrive\Pulpit\C++-folder\Aplikacja-Bankowa\Rejestracja Bankowa\Rejestracja Bankowa\Rejestracja.h(2702,23): warning C4101: "ex": lokalna zmienna, do której nie istnieje odwołanie
                     C:\Users\kazac\OneDrive\Pulpit\C++-folder\Aplikacja-Bankowa\Rejestracja Bankowa\Rejestracja Bankowa\Rejestracja.h(2713,23): warning C4101: "ex": lokalna zmienna, do której nie istnieje odwołanie
                     C:\Users\kazac\OneDrive\Pulpit\C++-folder\Aplikacja-Bankowa\Rejestracja Bankowa\Rejestracja Bankowa\Rejestracja.h(2730,23): warning C4101: "ex": lokalna zmienna, do której nie istnieje odwołanie
                     C:\Users\kazac\OneDrive\Pulpit\C++-folder\Aplikacja-Bankowa\Rejestracja Bankowa\Rejestracja Bankowa\Rejestracja.h(2757,23): warning C4101: "ex": lokalna zmienna, do której nie istnieje odwołanie
                     C:\Users\kazac\OneDrive\Pulpit\C++-folder\Aplikacja-Bankowa\Rejestracja Bankowa\Rejestracja Bankowa\Rejestracja.h(2780,24): warning C4101: "ex": lokalna zmienna, do której nie istnieje odwołanie
                     C:\Users\kazac\OneDrive\Pulpit\C++-folder\Aplikacja-Bankowa\Rejestracja Bankowa\Rejestracja Bankowa\Rejestracja.h(2827,23): warning C4101: "ex": lokalna zmienna, do której nie istnieje odwołanie
                     C:\Users\kazac\OneDrive\Pulpit\C++-folder\Aplikacja-Bankowa\Rejestracja Bankowa\Rejestracja Bankowa\Rejestracja.h(2861,23): warning C4101: "ex": lokalna zmienna, do której nie istnieje odwołanie
                     C:\Users\kazac\OneDrive\Pulpit\C++-folder\Aplikacja-Bankowa\Rejestracja Bankowa\Rejestracja Bankowa\Rejestracja.h(2892,23): warning C4101: "ex": lokalna zmienna, do której nie istnieje odwołanie
                     C:\Users\kazac\OneDrive\Pulpit\C++-folder\Aplikacja-Bankowa\Rejestracja Bankowa\Rejestracja Bankowa\Rejestracja.h(2912,23): warning C4101: "ex": lokalna zmienna, do której nie istnieje odwołanie
                     C:\Users\kazac\OneDrive\Pulpit\C++-folder\Aplikacja-Bankowa\Rejestracja Bankowa\Rejestracja Bankowa\Rejestracja.h(2927,23): warning C4101: "ex": lokalna zmienna, do której nie istnieje odwołanie
                     C:\Users\kazac\OneDrive\Pulpit\C++-folder\Aplikacja-Bankowa\Rejestracja Bankowa\Rejestracja Bankowa\Rejestracja.h(2683,24): warning C4101: "ex": lokalna zmienna, do której nie istnieje odwołanie
                     C:\Users\kazac\OneDrive\Pulpit\C++-folder\Aplikacja-Bankowa\Rejestracja Bankowa\Rejestracja Bankowa\Rejestracja.h(2702,23): warning C4101: "ex": lokalna zmienna, do której nie istnieje odwołanie
                     C:\Users\kazac\OneDrive\Pulpit\C++-folder\Aplikacja-Bankowa\Rejestracja Bankowa\Rejestracja Bankowa\Rejestracja.h(2713,23): warning C4101: "ex": lokalna zmienna, do której nie istnieje odwołanie
                     C:\Users\kazac\OneDrive\Pulpit\C++-folder\Aplikacja-Bankowa\Rejestracja Bankowa\Rejestracja Bankowa\Rejestracja.h(2730,23): warning C4101: "ex": lokalna zmienna, do której nie istnieje odwołanie
                     C:\Users\kazac\OneDrive\Pulpit\C++-folder\Aplikacja-Bankowa\Rejestracja Bankowa\Rejestracja Bankowa\Rejestracja.h(2757,23): warning C4101: "ex": lokalna zmienna, do której nie istnieje odwołanie
                     C:\Users\kazac\OneDrive\Pulpit\C++-folder\Aplikacja-Bankowa\Rejestracja Bankowa\Rejestracja Bankowa\Rejestracja.h(2780,24): warning C4101: "ex": lokalna zmienna, do której nie istnieje odwołanie
                     C:\Users\kazac\OneDrive\Pulpit\C++-folder\Aplikacja-Bankowa\Rejestracja Bankowa\Rejestracja Bankowa\Rejestracja.h(2827,23): warning C4101: "ex": lokalna zmienna, do której nie istnieje odwołanie
                     C:\Users\kazac\OneDrive\Pulpit\C++-folder\Aplikacja-Bankowa\Rejestracja Bankowa\Rejestracja Bankowa\Rejestracja.h(2861,23): warning C4101: "ex": lokalna zmienna, do której nie istnieje odwołanie
                     C:\Users\kazac\OneDrive\Pulpit\C++-folder\Aplikacja-Bankowa\Rejestracja Bankowa\Rejestracja Bankowa\Rejestracja.h(2892,23): warning C4101: "ex": lokalna zmienna, do której nie istnieje odwołanie
                     C:\Users\kazac\OneDrive\Pulpit\C++-folder\Aplikacja-Bankowa\Rejestracja Bankowa\Rejestracja Bankowa\Rejestracja.h(2912,23): warning C4101: "ex": lokalna zmienna, do której nie istnieje odwołanie
                     C:\Users\kazac\OneDrive\Pulpit\C++-folder\Aplikacja-Bankowa\Rejestracja Bankowa\Rejestracja Bankowa\Rejestracja.h(2927,23): warning C4101: "ex": lokalna zmienna, do której nie istnieje odwołanie
                     C:\Users\kazac\OneDrive\Pulpit\C++-folder\Aplikacja-Bankowa\Rejestracja Bankowa\Rejestracja Bankowa\Logowanie.h(538,14): warning C4804: ">=": niebezpieczne użycie typu "bool" w operacji
                     C:\Users\kazac\OneDrive\Pulpit\C++-folder\Aplikacja-Bankowa\Rejestracja Bankowa\Rejestracja Bankowa\Rejestracja.h(3000,1): warning C4715: "RejestracjaBankowa::Rejestracja::ŁadowanieBazy1”: niewszystkie ścieżki kodu zwracają wartość
                     C:\Users\kazac\OneDrive\Pulpit\C++-folder\Aplikacja-Bankowa\Rejestracja Bankowa\Rejestracja Bankowa\Rejestracja.h(3083,1): warning C4715: "RejestracjaBankowa::Rejestracja::ŁadowanieBazy2”: niewszystkie ścieżki kodu zwracają wartość
                     C:\Users\kazac\OneDrive\Pulpit\C++-folder\Aplikacja-Bankowa\Rejestracja Bankowa\Rejestracja Bankowa\Rejestracja.h(3000,1): warning C4715: "RejestracjaBankowa::Rejestracja::ŁadowanieBazy1”: niewszystkie ścieżki kodu zwracają wartość
                     C:\Users\kazac\OneDrive\Pulpit\C++-folder\Aplikacja-Bankowa\Rejestracja Bankowa\Rejestracja Bankowa\Rejestracja.h(3083,1): warning C4715: "RejestracjaBankowa::Rejestracja::ŁadowanieBazy2”: niewszystkie ścieżki kodu zwracają wartość
                     C:\Users\kazac\OneDrive\Pulpit\C++-folder\Aplikacja-Bankowa\Rejestracja Bankowa\Rejestracja Bankowa\Rejestracja.h(3000,1): warning C4715: "RejestracjaBankowa::Rejestracja::ŁadowanieBazy1”: niewszystkie ścieżki kodu zwracają wartość
                     C:\Users\kazac\OneDrive\Pulpit\C++-folder\Aplikacja-Bankowa\Rejestracja Bankowa\Rejestracja Bankowa\Rejestracja.h(3083,1): warning C4715: "RejestracjaBankowa::Rejestracja::ŁadowanieBazy2”: niewszystkie ścieżki kodu zwracają wartość
                     C:\Users\kazac\OneDrive\Pulpit\C++-folder\Aplikacja-Bankowa\Rejestracja Bankowa\Rejestracja Bankowa\Rejestracja.h(3000,1): warning C4715: "RejestracjaBankowa::Rejestracja::ŁadowanieBazy1”: niewszystkie ścieżki kodu zwracają wartość
                     C:\Users\kazac\OneDrive\Pulpit\C++-folder\Aplikacja-Bankowa\Rejestracja Bankowa\Rejestracja Bankowa\Rejestracja.h(3083,1): warning C4715: "RejestracjaBankowa::Rejestracja::ŁadowanieBazy2”: niewszystkie ścieżki kodu zwracają wartość

    Ostrzeżenia: 55
    Liczba błędów: 0

Czas, który upłynął: 00:00:08.29
